item_id,order_id,product_id,quantity,unit_price,discount_percent,is_return
ITEM-000001,ORD-00445,PROD-0017,1,764.4,10.5,False
ITEM-000002,ORD-00201,PROD-0072,4,619.83,19.51,False
ITEM-000003,ORD-00332,PROD-0074,5,98.69,2.87,False
ITEM-000004,ORD-00025,PROD-0040,4,177.55,13.93,False
ITEM-000005,ORD-00150,PROD-0057,3,54.42,39.61,False
ITEM-000006,ORD-00088,PROD-0015,2,742.18,14.95,False
ITEM-000007,ORD-00295,PROD-0002,2,349.83,37.07,False
ITEM-000008,ORD-00551,PROD-0028,1,211.75,18.85,False
ITEM-000009,ORD-00145,PROD-0003,5,382.83,21.95,False
ITEM-000010,ORD-00278,PROD-0007,5,470.3,6.81,False
ITEM-000011,ORD-00369,PROD-0014,1,28.88,26.41,False
ITEM-000012,ORD-00102,PROD-0041,4,489.81,15.23,False
ITEM-000013,ORD-00469,PROD-0072,5,927.08,7.46,False
ITEM-000014,ORD-00502,PROD-0051,1,746.94,36.89,False
ITEM-000015,ORD-00242,PROD-0065,1,283.11,14.08,False
ITEM-000016,ORD-00031,PROD-0072,1,949.62,35.15,False
ITEM-000017,ORD-00090,PROD-0049,2,525.5,35.89,False
ITEM-000018,ORD-00587,PROD-0020,5,432.19,27.46,False
ITEM-000019,ORD-00212,PROD-0018,3,585.21,13.17,False
ITEM-000020,ORD-00537,PROD-0018,2,435.75,12.36,False
ITEM-000021,ORD-00070,PROD-0072,2,537.62,22.59,False
ITEM-000022,ORD-00031,PROD-0041,1,881.32,33.58,False
ITEM-000023,ORD-00281,PROD-0020,4,781.31,12.13,False
ITEM-000024,ORD-00274,PROD-0078,1,571.36,1.05,False
ITEM-000025,ORD-00082,PROD-0062,2,142.74,9.24,False
ITEM-000026,ORD-00397,PROD-0063,5,479.1,25.98,False
ITEM-000027,ORD-00016,PROD-0035,2,950.69,1.29,False
ITEM-000028,ORD-00068,PROD-0023,2,927.82,39.53,False
ITEM-000029,ORD-00469,PROD-0032,4,433.27,19.6,False
ITEM-000030,ORD-00404,PROD-0079,1,939.74,32.97,False
ITEM-000031,ORD-00040,PROD-0067,5,118.21,21.01,False
ITEM-000032,ORD-00532,PROD-0069,4,401.65,1.7,False
ITEM-000033,ORD-00051,PROD-0025,1,298.26,20.65,False
ITEM-000034,ORD-00171,PROD-0055,4,301.47,30.95,False
ITEM-000035,ORD-00463,PROD-0012,1,725.41,36.15,False
ITEM-000036,ORD-00560,PROD-0018,1,399.13,23.42,False
ITEM-000037,ORD-00207,PROD-0059,3,99.27,7.16,False
ITEM-000038,ORD-00127,PROD-0012,3,123.01,36.29,False
ITEM-000039,ORD-00524,PROD-0079,4,950.25,3.41,False
ITEM-000040,ORD-00344,PROD-0073,4,872.58,1.76,False
ITEM-000041,ORD-00053,PROD-0054,2,314.97,5.78,False
ITEM-000042,ORD-00208,PROD-0001,4,626.32,7.23,False
ITEM-000043,ORD-00006,PROD-0078,-3,883.87,19.91,True
ITEM-000044,ORD-00453,PROD-0011,2,605.19,26.38,False
ITEM-000045,ORD-00571,PROD-0027,1,58.42,21.89,False
ITEM-000046,ORD-00034,PROD-0074,2,839.62,13.96,False
ITEM-000047,ORD-00183,PROD-0021,3,675.36,3.51,False
ITEM-000048,ORD-00576,PROD-0023,5,966.62,27.99,False
ITEM-000049,ORD-00331,PROD-0048,5,898.54,1.43,False
ITEM-000050,ORD-00483,PROD-0018,1,130.79,33.73,False
ITEM-000051,ORD-00215,PROD-0079,3,67.59,16.55,False
ITEM-000052,ORD-00496,PROD-0078,5,934.54,25.16,False
ITEM-000053,ORD-00589,PROD-0080,3,360.3,33.91,False
ITEM-000054,ORD-00510,PROD-0064,2,809.89,19.86,False
ITEM-000055,ORD-00122,PROD-0004,5,470.23,11.62,False
ITEM-000056,ORD-00425,PROD-0053,1,55.03,8.29,False
ITEM-000057,ORD-00207,PROD-0037,3,261.86,25.5,False
ITEM-000058,ORD-00007,PROD-0015,1,688.97,20.27,False
ITEM-000059,ORD-00180,PROD-0025,3,337.2,22.76,False
ITEM-000060,ORD-00037,PROD-0018,3,486.67,19.16,False
ITEM-000061,ORD-00424,PROD-0008,4,836.74,21.48,False
ITEM-000062,ORD-00020,PROD-0027,3,581.61,27.13,False
ITEM-000063,ORD-00153,PROD-0036,3,842.32,35.52,False
ITEM-000064,ORD-00585,PROD-0078,3,395.66,25.06,False
ITEM-000065,ORD-00323,PROD-0005,5,278.77,31.29,False
ITEM-000066,ORD-00310,PROD-0028,1,529.84,9.51,False
ITEM-000067,ORD-00095,PROD-0057,2,510.92,31.4,False
ITEM-000068,ORD-00496,PROD-0068,4,317.25,6.16,False
ITEM-000069,ORD-00529,PROD-0017,3,213.13,34.87,False
ITEM-000070,ORD-00005,PROD-0040,1,933.0,28.55,False
ITEM-000071,ORD-00106,PROD-0067,5,768.51,13.33,False
ITEM-000072,ORD-00215,PROD-0042,-3,208.54,30.34,True
ITEM-000073,ORD-00121,PROD-0035,3,157.82,12.77,False
ITEM-000074,ORD-00105,PROD-0027,3,547.09,38.33,False
ITEM-000075,ORD-00291,PROD-0074,5,252.37,5.66,False
ITEM-000076,ORD-00052,PROD-0017,1,38.69,35.69,False
ITEM-000077,ORD-00184,PROD-0077,1,892.35,2.15,False
ITEM-000078,ORD-00547,PROD-0011,4,973.94,12.5,False
ITEM-000079,ORD-00480,PROD-0013,4,461.02,3.72,False
ITEM-000080,ORD-00265,PROD-0047,4,398.15,37.9,False
ITEM-000081,ORD-00031,PROD-0009,3,480.57,35.3,False
ITEM-000082,ORD-00357,PROD-0078,3,578.92,33.83,False
ITEM-000083,ORD-00334,PROD-0072,5,652.95,32.7,False
ITEM-000084,ORD-00250,PROD-0071,3,167.42,16.03,False
ITEM-000085,ORD-00442,PROD-0056,4,571.53,13.63,False
ITEM-000086,ORD-00080,PROD-0074,3,838.37,9.45,False
ITEM-000087,ORD-00456,PROD-0023,1,314.95,18.52,False
ITEM-000088,ORD-00389,PROD-0042,4,499.34,4.35,False
ITEM-000089,ORD-00001,PROD-0019,1,664.26,32.68,False
ITEM-000090,ORD-00201,PROD-0027,4,684.69,15.6,False
ITEM-000091,ORD-00446,PROD-0045,3,990.38,31.77,False
ITEM-000092,ORD-00131,PROD-0038,-5,71.78,39.46,True
ITEM-000093,ORD-00368,PROD-0015,5,862.63,0.03,False
ITEM-000094,ORD-00326,PROD-0049,1,411.96,28.09,False
ITEM-000095,ORD-00193,PROD-0072,4,390.74,26.5,False
ITEM-000096,ORD-00129,PROD-0018,3,21.48,6.17,False
ITEM-000097,ORD-00140,PROD-0011,1,145.84,35.4,False
ITEM-000098,ORD-00436,PROD-0080,4,187.99,35.74,False
ITEM-000099,ORD-00232,PROD-0024,5,430.51,32.8,False
ITEM-000100,ORD-00514,PROD-0035,1,416.72,33.87,False
ITEM-000101,ORD-00495,PROD-0048,5,122.02,1.34,False
ITEM-000102,ORD-00540,PROD-0036,4,470.28,3.2,False
ITEM-000103,ORD-00080,PROD-0070,1,800.11,24.4,False
ITEM-000104,ORD-00012,PROD-0061,3,459.48,36.14,False
ITEM-000105,ORD-00302,PROD-0038,4,175.82,13.26,False
ITEM-000106,ORD-00063,PROD-0061,5,582.35,29.08,False
ITEM-000107,ORD-00028,PROD-0037,5,489.9,39.61,False
ITEM-000108,ORD-00136,PROD-0079,2,288.15,34.06,False
ITEM-000109,ORD-00155,PROD-0058,-3,376.06,4.46,True
ITEM-000110,ORD-00541,PROD-0005,2,349.41,28.03,False
ITEM-000111,ORD-00508,PROD-0053,1,772.65,23.82,False
ITEM-000112,ORD-00592,PROD-0045,2,63.77,29.04,False
ITEM-000113,ORD-00409,PROD-0061,3,308.34,4.64,False
ITEM-000114,ORD-00269,PROD-0019,5,535.13,27.34,False
ITEM-000115,ORD-00324,PROD-0068,-4,686.04,37.09,True
ITEM-000116,ORD-00443,PROD-0079,1,918.85,21.25,False
ITEM-000117,ORD-00599,PROD-0051,3,466.49,10.68,False
ITEM-000118,ORD-00346,PROD-0024,2,320.13,23.55,False
ITEM-000119,ORD-00101,PROD-0068,1,112.86,33.27,False
ITEM-000120,ORD-00035,PROD-0004,4,623.19,29.01,False
ITEM-000121,ORD-00125,PROD-0016,1,95.51,26.26,False
ITEM-000122,ORD-00580,PROD-0024,5,897.03,26.26,False
ITEM-000123,ORD-00465,PROD-0036,2,771.66,18.68,False
ITEM-000124,ORD-00064,PROD-0049,3,394.69,31.23,False
ITEM-000125,ORD-00072,PROD-0063,1,979.62,32.51,False
ITEM-000126,ORD-00148,PROD-0070,2,771.01,7.14,False
ITEM-000127,ORD-00266,PROD-0014,2,44.5,4.25,False
ITEM-000128,ORD-00510,PROD-0020,1,656.33,10.02,False
ITEM-000129,ORD-00338,PROD-0051,1,578.88,26.58,False
ITEM-000130,ORD-00414,PROD-0009,5,544.72,30.84,False
ITEM-000131,ORD-00125,PROD-0073,1,539.94,27.57,False
ITEM-000132,ORD-00093,PROD-0047,3,539.27,12.11,False
ITEM-000133,ORD-00208,PROD-0023,3,558.92,18.39,False
ITEM-000134,ORD-00110,PROD-0046,4,491.63,11.95,False
ITEM-000135,ORD-00245,PROD-0063,4,394.87,5.6,False
ITEM-000136,ORD-00461,PROD-0003,5,46.66,19.99,False
ITEM-000137,ORD-00217,PROD-0067,1,463.78,28.84,False
ITEM-000138,ORD-00038,PROD-0019,5,494.0,23.17,False
ITEM-000139,ORD-00134,PROD-0002,1,180.52,36.72,False
ITEM-000140,ORD-00175,PROD-0076,1,73.31,32.83,False
ITEM-000141,ORD-00065,PROD-0026,1,431.94,23.8,False
ITEM-000142,ORD-00141,PROD-0042,4,838.05,39.03,False
ITEM-000143,ORD-00124,PROD-0036,2,149.81,23.72,False
ITEM-000144,ORD-00250,PROD-0075,4,50.28,14.8,False
ITEM-000145,ORD-00162,PROD-0003,1,880.82,25.29,False
ITEM-000146,ORD-00291,PROD-0054,-1,696.56,7.18,True
ITEM-000147,ORD-00536,PROD-0058,4,417.9,8.25,False
ITEM-000148,ORD-00512,PROD-0079,2,950.79,1.5,False
ITEM-000149,ORD-00121,PROD-0068,3,977.01,0.18,False
ITEM-000150,ORD-00225,PROD-0060,5,772.62,30.45,False
ITEM-000151,ORD-00486,PROD-0064,2,184.55,7.75,False
ITEM-000152,ORD-00258,PROD-0043,1,620.64,14.57,False
ITEM-000153,ORD-00181,PROD-0021,4,787.63,29.62,False
ITEM-000154,ORD-00456,PROD-0076,4,583.95,2.83,False
ITEM-000155,ORD-00113,PROD-0042,4,235.49,27.07,False
ITEM-000156,ORD-00226,PROD-0010,2,476.27,34.8,False
ITEM-000157,ORD-00466,PROD-0023,4,393.45,17.43,False
ITEM-000158,ORD-00277,PROD-0026,2,342.52,7.77,False
ITEM-000159,ORD-00477,PROD-0059,1,424.03,2.39,False
ITEM-000160,ORD-00175,PROD-0074,3,970.42,11.81,False
ITEM-000161,ORD-00222,PROD-0076,2,478.74,34.28,False
ITEM-000162,ORD-00253,PROD-0032,4,334.01,29.2,False
ITEM-000163,ORD-00588,PROD-0001,5,423.58,37.1,False
ITEM-000164,ORD-00035,PROD-0055,1,535.8,18.83,False
ITEM-000165,ORD-00508,PROD-0031,4,92.25,27.87,False
ITEM-000166,ORD-00368,PROD-0038,1,246.66,16.26,False
ITEM-000167,ORD-00471,PROD-0074,-1,749.8,26.76,True
ITEM-000168,ORD-00416,PROD-0024,1,791.95,18.55,False
ITEM-000169,ORD-00395,PROD-0043,3,535.6,100.0,False
ITEM-000170,ORD-00556,PROD-0074,3,796.52,10.79,False
ITEM-000171,ORD-00528,PROD-0047,1,889.09,13.43,False
ITEM-000172,ORD-00376,PROD-0023,1,651.68,18.61,False
ITEM-000173,ORD-00343,PROD-0031,1,544.23,30.94,False
ITEM-000174,ORD-00215,PROD-0029,4,327.25,30.09,False
ITEM-000175,ORD-00382,PROD-0045,3,457.88,16.92,False
ITEM-000176,ORD-00546,PROD-0038,5,457.45,4.91,False
ITEM-000177,ORD-00068,PROD-0025,3,892.97,37.81,False
ITEM-000178,ORD-00079,PROD-0014,4,173.11,15.63,False
ITEM-000179,ORD-00534,PROD-0003,1,300.23,19.85,False
ITEM-000180,ORD-00022,PROD-0038,5,197.16,18.96,False
ITEM-000181,ORD-00344,PROD-0053,1,582.91,9.29,False
ITEM-000182,ORD-00562,PROD-0057,3,463.42,26.63,False
ITEM-000183,ORD-00267,PROD-0030,5,489.39,31.57,False
ITEM-000184,ORD-00467,PROD-0022,3,622.43,1.89,False
ITEM-000185,ORD-00158,PROD-0021,2,245.52,11.41,False
ITEM-000186,ORD-00379,PROD-0024,1,213.09,22.98,False
ITEM-000187,ORD-00460,PROD-0070,1,975.7,39.12,False
ITEM-000188,ORD-00512,PROD-0019,5,948.3,36.82,False
ITEM-000189,ORD-00520,PROD-0043,3,650.76,38.81,False
ITEM-000190,ORD-00588,PROD-0019,3,801.57,11.59,False
ITEM-000191,ORD-00042,PROD-0018,4,681.22,4.49,False
ITEM-000192,ORD-00457,PROD-0046,1,101.55,16.07,False
ITEM-000193,ORD-00285,PROD-0026,1,32.31,7.81,False
ITEM-000194,ORD-00525,PROD-0051,5,202.5,27.08,False
ITEM-000195,ORD-00370,PROD-0051,3,156.46,20.46,False
ITEM-000196,ORD-00360,PROD-0040,4,977.74,14.91,False
ITEM-000197,ORD-00426,PROD-0057,5,295.74,29.11,False
ITEM-000198,ORD-00089,PROD-0019,4,215.7,16.57,False
ITEM-000199,ORD-00385,PROD-0012,4,16.54,21.01,False
ITEM-000200,ORD-00141,PROD-0026,3,194.14,22.23,False
ITEM-000201,ORD-00310,PROD-0075,4,310.87,19.62,False
ITEM-000202,ORD-00158,PROD-0034,5,307.16,8.98,False
ITEM-000203,ORD-00184,PROD-0063,4,907.72,26.64,False
ITEM-000204,ORD-00069,PROD-0077,-2,748.1,30.59,True
ITEM-000205,ORD-00488,PROD-0016,5,379.46,17.44,False
ITEM-000206,ORD-00150,PROD-0041,-5,466.42,10.38,True
ITEM-000207,ORD-00365,PROD-0007,2,296.95,2.12,False
ITEM-000208,ORD-00188,PROD-0013,5,602.76,3.07,False
ITEM-000209,ORD-00309,PROD-0035,2,688.58,34.9,False
ITEM-000210,ORD-00014,PROD-0018,3,522.98,23.2,False
ITEM-000211,ORD-00167,PROD-0014,3,225.69,16.48,False
ITEM-000212,ORD-00539,PROD-0069,5,715.41,7.54,False
ITEM-000213,ORD-00135,PROD-0003,1,484.71,36.64,False
ITEM-000214,ORD-00536,PROD-0044,3,180.48,5.56,False
ITEM-000215,ORD-00146,PROD-0030,-3,314.34,32.58,True
ITEM-000216,ORD-00115,PROD-0010,2,28.61,3.14,False
ITEM-000217,ORD-00526,PROD-0076,4,68.66,1.7,False
ITEM-000218,ORD-00011,PROD-0013,1,784.54,1.73,False
ITEM-000219,ORD-00360,PROD-0004,5,99.86,36.05,False
ITEM-000220,ORD-00513,PROD-0079,3,249.39,13.91,False
ITEM-000221,ORD-00542,PROD-0028,5,718.64,32.78,False
ITEM-000222,ORD-00220,PROD-0065,3,852.77,100.0,False
ITEM-000223,ORD-00110,PROD-0024,4,836.38,23.58,False
ITEM-000224,ORD-00322,PROD-0016,4,471.23,20.57,False
ITEM-000225,ORD-00571,PROD-0006,5,91.42,30.49,False
ITEM-000226,ORD-00320,PROD-0057,4,233.6,11.34,False
ITEM-000227,ORD-00072,PROD-0061,4,939.68,34.21,False
ITEM-000228,ORD-00108,PROD-0051,3,443.67,39.95,False
ITEM-000229,ORD-00105,PROD-0022,1,74.05,15.79,False
ITEM-000230,ORD-00126,PROD-0030,2,839.72,23.8,False
ITEM-000231,ORD-00280,PROD-0052,4,362.53,28.54,False
ITEM-000232,ORD-00151,PROD-0059,5,116.95,39.5,False
ITEM-000233,ORD-00031,PROD-0013,3,740.41,9.23,False
ITEM-000234,ORD-00335,PROD-0020,1,309.72,1.07,False
ITEM-000235,ORD-00505,PROD-0060,5,209.9,3.06,False
ITEM-000236,ORD-00554,PROD-0070,4,27.48,10.47,False
ITEM-000237,ORD-00461,PROD-0041,1,854.34,35.21,False
ITEM-000238,ORD-00311,PROD-0022,4,496.55,1.31,False
ITEM-000239,ORD-00583,PROD-0063,2,663.47,15.56,False
ITEM-000240,ORD-00519,PROD-0008,5,397.46,19.04,False
ITEM-000241,ORD-00292,PROD-0042,4,70.8,15.11,False
ITEM-000242,ORD-00598,PROD-0004,5,767.53,33.48,False
ITEM-000243,ORD-00422,PROD-0045,3,65.87,17.13,False
ITEM-000244,ORD-00068,PROD-0040,2,123.32,25.92,False
ITEM-000245,ORD-00433,PROD-0073,-2,519.6,13.04,True
ITEM-000246,ORD-00325,PROD-0049,4,574.64,27.84,False
ITEM-000247,ORD-00211,PROD-0044,3,501.75,32.33,False
ITEM-000248,ORD-00207,PROD-0064,3,639.08,11.98,False
ITEM-000249,ORD-00049,PROD-0039,1,996.26,21.43,False
ITEM-000250,ORD-00593,PROD-0013,4,595.94,24.98,False
ITEM-000251,ORD-00215,PROD-0045,3,797.69,32.05,False
ITEM-000252,ORD-00321,PROD-0026,3,420.16,12.0,False
ITEM-000253,ORD-00185,PROD-0003,3,631.56,18.13,False
ITEM-000254,ORD-00479,PROD-0035,5,937.78,23.07,False
ITEM-000255,ORD-00580,PROD-0008,5,527.04,34.11,False
ITEM-000256,ORD-00308,PROD-0056,3,416.15,9.61,False
ITEM-000257,ORD-00294,PROD-0021,1,263.87,33.84,False
ITEM-000258,ORD-00029,PROD-0032,5,799.06,9.54,False
ITEM-000259,ORD-00038,PROD-0026,3,167.75,22.39,False
ITEM-000260,ORD-00564,PROD-0023,-2,647.84,31.59,True
ITEM-000261,ORD-00086,PROD-0041,1,605.57,19.43,False
ITEM-000262,ORD-00093,PROD-0051,1,943.72,16.28,False
ITEM-000263,ORD-00124,PROD-0067,2,667.56,22.84,False
ITEM-000264,ORD-00093,PROD-0031,5,603.81,37.26,False
ITEM-000265,ORD-00242,PROD-0055,3,225.82,23.37,False
ITEM-000266,ORD-00261,PROD-0076,1,65.36,38.8,False
ITEM-000267,ORD-00434,PROD-0061,5,685.9,37.95,False
ITEM-000268,ORD-00377,PROD-0040,3,30.85,37.48,False
ITEM-000269,ORD-00056,PROD-0031,5,260.44,29.58,False
ITEM-000270,ORD-00125,PROD-0069,4,868.27,38.34,False
ITEM-000271,ORD-00262,PROD-0039,4,99.34,36.39,False
ITEM-000272,ORD-00450,PROD-0041,2,880.66,34.38,False
ITEM-000273,ORD-00504,PROD-0061,4,739.56,10.96,False
ITEM-000274,ORD-00165,PROD-0034,3,511.26,35.07,False
ITEM-000275,ORD-00335,PROD-0059,3,698.25,29.17,False
ITEM-000276,ORD-00140,PROD-0001,1,406.65,7.35,False
ITEM-000277,ORD-00529,PROD-0017,3,848.48,3.29,False
ITEM-000278,ORD-00137,PROD-0034,4,181.73,12.78,False
ITEM-000279,ORD-00425,PROD-0048,5,190.06,31.98,False
ITEM-000280,ORD-00024,PROD-0072,4,650.63,35.37,False
ITEM-000281,ORD-00173,PROD-0007,2,407.01,38.97,False
ITEM-000282,ORD-00175,PROD-0073,4,126.17,5.97,False
ITEM-000283,ORD-00507,PROD-0016,5,232.23,36.8,False
ITEM-000284,ORD-00295,PROD-0064,2,388.24,34.48,False
ITEM-000285,ORD-00290,PROD-0025,4,424.14,24.0,False
ITEM-000286,ORD-00242,PROD-0080,4,456.46,1.15,False
ITEM-000287,ORD-00011,PROD-0061,2,141.86,27.37,False
ITEM-000288,ORD-00393,PROD-0055,3,738.73,15.9,False
ITEM-000289,ORD-00241,PROD-0061,3,909.13,22.28,False
ITEM-000290,ORD-00047,PROD-0001,5,261.11,38.69,False
ITEM-000291,ORD-00136,PROD-0072,5,50.7,39.1,False
ITEM-000292,ORD-00480,PROD-0017,2,98.74,20.15,False
ITEM-000293,ORD-00131,PROD-0064,5,872.95,10.42,False
ITEM-000294,ORD-00270,PROD-0079,3,831.28,37.05,False
ITEM-000295,ORD-00504,PROD-0020,3,560.11,17.43,False
ITEM-000296,ORD-00037,PROD-0061,4,267.61,5.94,False
ITEM-000297,ORD-00042,PROD-0057,4,362.94,39.81,False
ITEM-000298,ORD-00152,PROD-0016,5,356.1,19.72,False
ITEM-000299,ORD-00521,PROD-0035,2,567.6,7.23,False
ITEM-000300,ORD-00185,PROD-0054,5,921.2,100.0,False
ITEM-000301,ORD-00027,PROD-0037,2,684.49,27.08,False
ITEM-000302,ORD-00332,PROD-0020,1,38.58,23.61,False
ITEM-000303,ORD-00276,PROD-0077,4,661.42,26.38,False
ITEM-000304,ORD-00333,PROD-0073,3,138.02,26.25,False
ITEM-000305,ORD-00073,PROD-0071,1,952.37,11.32,False
ITEM-000306,ORD-00409,PROD-0012,4,30.3,10.21,False
ITEM-000307,ORD-00158,PROD-0016,2,305.55,31.18,False
ITEM-000308,ORD-00135,PROD-0046,4,668.86,36.87,False
ITEM-000309,ORD-00488,PROD-0035,3,567.42,19.58,False
ITEM-000310,ORD-00191,PROD-0056,4,634.37,16.9,False
ITEM-000311,ORD-00230,PROD-0020,1,931.35,13.67,False
ITEM-000312,ORD-00448,PROD-0011,5,908.13,20.99,False
ITEM-000313,ORD-00308,PROD-0032,4,527.85,39.37,False
ITEM-000314,ORD-00526,PROD-0014,3,515.54,22.04,False
ITEM-000315,ORD-00260,PROD-0046,4,262.3,26.43,False
ITEM-000316,ORD-00474,PROD-0023,1,788.31,0.65,False
ITEM-000317,ORD-00322,PROD-0076,4,726.84,16.65,False
ITEM-000318,ORD-00192,PROD-0028,4,193.23,10.6,False
ITEM-000319,ORD-00019,PROD-0001,5,400.97,26.94,False
ITEM-000320,ORD-00499,PROD-0039,1,622.3,19.08,False
ITEM-000321,ORD-00405,PROD-0039,5,96.75,26.95,False
ITEM-000322,ORD-00193,PROD-0004,-2,217.13,4.48,True
ITEM-000323,ORD-00552,PROD-0025,2,95.22,17.43,False
ITEM-000324,ORD-00157,PROD-0057,4,964.22,16.88,False
ITEM-000325,ORD-00302,PROD-0073,-4,831.15,17.98,True
ITEM-000326,ORD-00443,PROD-0054,4,850.12,0.31,False
ITEM-000327,ORD-00500,PROD-0052,5,491.23,22.17,False
ITEM-000328,ORD-00500,PROD-0030,5,717.14,37.41,False
ITEM-000329,ORD-00275,PROD-0054,-5,890.24,23.06,True
ITEM-000330,ORD-00447,PROD-0003,1,169.71,37.56,False
ITEM-000331,ORD-00348,PROD-0078,2,854.91,17.52,False
ITEM-000332,ORD-00427,PROD-0047,4,798.0,11.74,False
ITEM-000333,ORD-00495,PROD-0017,2,181.55,11.3,False
ITEM-000334,ORD-00506,PROD-0039,2,242.36,4.04,False
ITEM-000335,ORD-00366,PROD-0021,5,182.96,0.73,False
ITEM-000336,ORD-00233,PROD-0016,5,566.35,2.55,False
ITEM-000337,ORD-00048,PROD-0072,4,274.81,13.61,False
ITEM-000338,ORD-00107,PROD-0007,2,927.36,34.95,False
ITEM-000339,ORD-00109,PROD-0079,4,613.55,38.51,False
ITEM-000340,ORD-00121,PROD-0027,1,911.87,1.68,False
ITEM-000341,ORD-00511,PROD-0013,2,162.74,28.33,False
ITEM-000342,ORD-00450,PROD-0054,3,771.52,5.51,False
ITEM-000343,ORD-00518,PROD-0022,1,94.37,32.37,False
ITEM-000344,ORD-00252,PROD-0020,3,755.66,16.6,False
ITEM-000345,ORD-00424,PROD-0053,5,899.07,9.13,False
ITEM-000346,ORD-00150,PROD-0002,5,720.44,14.47,False
ITEM-000347,ORD-00169,PROD-0056,5,70.84,3.39,False
ITEM-000348,ORD-00060,PROD-0067,1,972.92,25.66,False
ITEM-000349,ORD-00312,PROD-0041,4,910.13,27.23,False
ITEM-000350,ORD-00151,PROD-0052,1,451.72,36.01,False
ITEM-000351,ORD-00453,PROD-0045,2,888.79,24.97,False
ITEM-000352,ORD-00551,PROD-0043,4,396.08,35.24,False
ITEM-000353,ORD-00524,PROD-0071,2,319.12,21.63,False
ITEM-000354,ORD-00553,PROD-0076,3,266.09,6.4,False
ITEM-000355,ORD-00062,PROD-0048,3,267.15,39.48,False
ITEM-000356,ORD-00128,PROD-0058,5,304.97,1.91,False
ITEM-000357,ORD-00596,PROD-0073,1,717.49,39.32,False
ITEM-000358,ORD-00587,PROD-0018,5,717.2,9.35,False
ITEM-000359,ORD-00198,PROD-0047,5,459.76,4.21,False
ITEM-000360,ORD-00064,PROD-0055,2,889.61,33.14,False
ITEM-000361,ORD-00413,PROD-0076,4,563.37,3.12,False
ITEM-000362,ORD-00451,PROD-0063,4,734.39,23.37,False
ITEM-000363,ORD-00469,PROD-0017,4,968.34,5.77,False
ITEM-000364,ORD-00485,PROD-0005,5,749.02,4.72,False
ITEM-000365,ORD-00419,PROD-0015,5,129.65,38.07,False
ITEM-000366,ORD-00313,PROD-0048,5,310.22,20.91,False
ITEM-000367,ORD-00432,PROD-0007,-4,937.44,5.71,True
ITEM-000368,ORD-00501,PROD-0001,3,131.09,8.62,False
ITEM-000369,ORD-00318,PROD-0073,3,457.84,1.79,False
ITEM-000370,ORD-00136,PROD-0018,3,509.71,19.01,False
ITEM-000371,ORD-00334,PROD-0012,4,801.8,26.69,False
ITEM-000372,ORD-00554,PROD-0006,5,958.49,9.31,False
ITEM-000373,ORD-00026,PROD-0074,4,633.8,25.84,False
ITEM-000374,ORD-00198,PROD-0080,3,546.41,4.95,False
ITEM-000375,ORD-00515,PROD-0003,1,129.07,20.87,False
ITEM-000376,ORD-00252,PROD-0075,5,449.78,0.76,False
ITEM-000377,ORD-00024,PROD-0044,5,442.64,16.07,False
ITEM-000378,ORD-00094,PROD-0015,-4,979.98,21.12,True
ITEM-000379,ORD-00092,PROD-0020,5,313.72,5.76,False
ITEM-000380,ORD-00186,PROD-0004,4,716.16,2.36,False
ITEM-000381,ORD-00332,PROD-0034,3,381.75,12.8,False
ITEM-000382,ORD-00243,PROD-0064,1,513.53,9.58,False
ITEM-000383,ORD-00476,PROD-0071,5,413.0,4.6,False
ITEM-000384,ORD-00020,PROD-0035,-4,558.52,25.34,True
ITEM-000385,ORD-00129,PROD-0039,5,572.55,9.85,False
ITEM-000386,ORD-00146,PROD-0048,4,545.03,25.43,False
ITEM-000387,ORD-00569,PROD-0058,2,51.36,21.5,False
ITEM-000388,ORD-00172,PROD-0001,4,69.56,24.83,False
ITEM-000389,ORD-00360,PROD-0028,4,589.3,10.04,False
ITEM-000390,ORD-00072,PROD-0039,5,98.81,6.46,False
ITEM-000391,ORD-00443,PROD-0027,1,614.33,29.0,False
ITEM-000392,ORD-00464,PROD-0035,3,253.46,37.82,False
ITEM-000393,ORD-00017,PROD-0018,3,649.97,18.39,False
ITEM-000394,ORD-00570,PROD-0063,1,764.83,100.0,False
ITEM-000395,ORD-00552,PROD-0004,5,893.64,35.07,False
ITEM-000396,ORD-00367,PROD-0050,4,185.4,14.12,False
ITEM-000397,ORD-00010,PROD-0029,1,745.7,14.82,False
ITEM-000398,ORD-00311,PROD-0029,3,241.91,28.37,False
ITEM-000399,ORD-00215,PROD-0001,4,204.12,1.47,False
ITEM-000400,ORD-00175,PROD-0071,4,201.82,11.09,False
ITEM-000401,ORD-00132,PROD-0009,5,136.15,24.12,False
ITEM-000402,ORD-00281,PROD-0025,5,849.18,35.24,False
ITEM-000403,ORD-00259,PROD-0072,1,884.26,27.72,False
ITEM-000404,ORD-00054,PROD-0042,1,438.21,25.64,False
ITEM-000405,ORD-00371,PROD-0067,4,761.42,27.21,False
ITEM-000406,ORD-00324,PROD-0001,2,397.93,36.74,False
ITEM-000407,ORD-00232,PROD-0055,3,958.19,22.87,False
ITEM-000408,ORD-00100,PROD-0004,2,485.16,13.17,False
ITEM-000409,ORD-00257,PROD-0032,1,116.75,25.05,False
ITEM-000410,ORD-00533,PROD-0031,2,944.1,33.3,False
ITEM-000411,ORD-00593,PROD-0016,5,94.67,30.56,False
ITEM-000412,ORD-00067,PROD-0017,1,71.37,15.1,False
ITEM-000413,ORD-00105,PROD-0008,4,563.66,24.43,False
ITEM-000414,ORD-00421,PROD-0030,3,865.93,16.07,False
ITEM-000415,ORD-00104,PROD-0044,-5,654.4,15.36,True
ITEM-000416,ORD-00106,PROD-0002,1,599.21,13.13,False
ITEM-000417,ORD-00130,PROD-0066,1,263.71,33.63,False
ITEM-000418,ORD-00141,PROD-0006,4,69.88,24.83,False
ITEM-000419,ORD-00367,PROD-0040,3,587.82,20.53,False
ITEM-000420,ORD-00352,PROD-0038,5,375.13,5.9,False
ITEM-000421,ORD-00244,PROD-0065,1,820.98,26.31,False
ITEM-000422,ORD-00206,PROD-0026,5,787.4,16.88,False
ITEM-000423,ORD-00479,PROD-0077,3,695.48,19.03,False
ITEM-000424,ORD-00337,PROD-0021,5,113.79,13.43,False
ITEM-000425,ORD-00236,PROD-0060,1,627.67,36.8,False
ITEM-000426,ORD-00385,PROD-0027,2,406.3,30.73,False
ITEM-000427,ORD-00118,PROD-0019,1,297.66,2.95,False
ITEM-000428,ORD-00031,PROD-0026,2,205.84,36.51,False
ITEM-000429,ORD-00568,PROD-0032,2,186.75,10.48,False
ITEM-000430,ORD-00141,PROD-0049,1,658.31,10.47,False
ITEM-000431,ORD-00379,PROD-0048,1,664.29,8.41,False
ITEM-000432,ORD-00067,PROD-0016,5,152.98,39.91,False
ITEM-000433,ORD-00384,PROD-0041,2,603.54,7.67,False
ITEM-000434,ORD-00549,PROD-0038,2,791.68,30.52,False
ITEM-000435,ORD-00130,PROD-0066,3,968.69,25.18,False
ITEM-000436,ORD-00067,PROD-0022,4,513.52,3.26,False
ITEM-000437,ORD-00383,PROD-0068,5,697.55,20.76,False
ITEM-000438,ORD-00598,PROD-0005,4,215.12,23.25,False
ITEM-000439,ORD-00436,PROD-0049,2,575.65,9.38,False
ITEM-000440,ORD-00303,PROD-0057,3,523.62,3.39,False
ITEM-000441,ORD-00437,PROD-0058,2,472.87,18.61,False
ITEM-000442,ORD-00026,PROD-0023,4,447.26,19.9,False
ITEM-000443,ORD-00514,PROD-0066,3,551.18,14.36,False
ITEM-000444,ORD-00074,PROD-0047,1,47.89,37.06,False
ITEM-000445,ORD-00282,PROD-0025,2,708.58,27.0,False
ITEM-000446,ORD-00268,PROD-0002,2,772.37,30.1,False
ITEM-000447,ORD-00416,PROD-0075,3,760.22,31.33,False
ITEM-000448,ORD-00153,PROD-0051,1,235.29,20.51,False
ITEM-000449,ORD-00480,PROD-0060,2,347.24,20.63,False
ITEM-000450,ORD-00428,PROD-0027,1,444.28,7.51,False
ITEM-000451,ORD-00313,PROD-0002,5,504.79,5.56,False
ITEM-000452,ORD-00414,PROD-0069,3,306.63,16.77,False
ITEM-000453,ORD-00158,PROD-0043,-5,572.5,31.41,True
ITEM-000454,ORD-00391,PROD-0027,5,949.2,22.96,False
ITEM-000455,ORD-00584,PROD-0058,1,642.6,7.53,False
ITEM-000456,ORD-00033,PROD-0078,3,493.72,4.17,False
ITEM-000457,ORD-00211,PROD-0030,2,298.18,36.45,False
ITEM-000458,ORD-00176,PROD-0042,5,861.1,2.3,False
ITEM-000459,ORD-00429,PROD-0062,4,745.7,39.58,False
ITEM-000460,ORD-00211,PROD-0040,4,437.87,34.63,False
ITEM-000461,ORD-00208,PROD-0065,4,719.59,23.0,False
ITEM-000462,ORD-00066,PROD-0052,4,608.79,0.3,False
ITEM-000463,ORD-00472,PROD-0060,2,580.36,36.41,False
ITEM-000464,ORD-00305,PROD-0051,1,616.89,35.24,False
ITEM-000465,ORD-00443,PROD-0059,2,390.81,7.18,False
ITEM-000466,ORD-00045,PROD-0031,2,886.68,3.82,False
ITEM-000467,ORD-00069,PROD-0028,2,909.64,25.12,False
ITEM-000468,ORD-00079,PROD-0014,4,509.34,22.11,False
ITEM-000469,ORD-00046,PROD-0060,3,36.44,6.59,False
ITEM-000470,ORD-00407,PROD-0005,4,20.62,29.84,False
ITEM-000471,ORD-00476,PROD-0063,1,466.73,5.46,False
ITEM-000472,ORD-00144,PROD-0061,1,822.21,9.69,False
ITEM-000473,ORD-00302,PROD-0016,2,539.3,0.72,False
ITEM-000474,ORD-00280,PROD-0020,4,446.24,26.86,False
ITEM-000475,ORD-00222,PROD-0057,2,699.76,1.38,False
ITEM-000476,ORD-00400,PROD-0040,5,449.54,28.66,False
ITEM-000477,ORD-00256,PROD-0048,-5,909.66,30.9,True
ITEM-000478,ORD-00346,PROD-0025,2,683.15,16.87,False
ITEM-000479,ORD-00172,PROD-0022,1,53.56,35.29,False
ITEM-000480,ORD-00195,PROD-0080,5,215.04,13.09,False
ITEM-000481,ORD-00109,PROD-0046,5,330.12,17.12,False
ITEM-000482,ORD-00470,PROD-0029,1,75.35,12.65,False
ITEM-000483,ORD-00224,PROD-0053,3,308.51,14.76,False
ITEM-000484,ORD-00583,PROD-0022,5,259.41,39.62,False
ITEM-000485,ORD-00137,PROD-0043,1,183.57,39.26,False
ITEM-000486,ORD-00019,PROD-0078,3,912.97,26.65,False
ITEM-000487,ORD-00014,PROD-0030,4,30.99,25.62,False
ITEM-000488,ORD-00082,PROD-0008,1,146.17,29.52,False
ITEM-000489,ORD-00039,PROD-0031,4,924.17,6.07,False
ITEM-000490,ORD-00138,PROD-0036,5,324.35,17.75,False
ITEM-000491,ORD-00296,PROD-0004,1,236.71,39.1,False
ITEM-000492,ORD-00255,PROD-0029,3,611.97,8.23,False
ITEM-000493,ORD-00067,PROD-0063,4,79.28,7.34,False
ITEM-000494,ORD-00129,PROD-0012,2,181.93,39.68,False
ITEM-000495,ORD-00081,PROD-0055,5,727.73,37.27,False
ITEM-000496,ORD-00255,PROD-0039,3,292.49,7.9,False
ITEM-000497,ORD-00493,PROD-0011,4,951.49,8.06,False
ITEM-000498,ORD-00518,PROD-0079,3,737.57,6.71,False
ITEM-000499,ORD-00391,PROD-0055,2,855.49,31.74,False
ITEM-000500,ORD-00264,PROD-0049,3,469.0,6.11,False
ITEM-000501,ORD-00342,PROD-0018,4,717.7,22.49,False
ITEM-000502,ORD-00513,PROD-0048,2,496.53,7.59,False
ITEM-000503,ORD-00502,PROD-0040,4,644.63,38.82,False
ITEM-000504,ORD-00128,PROD-0050,5,932.8,35.4,False
ITEM-000505,ORD-00357,PROD-0066,2,712.03,17.45,False
ITEM-000506,ORD-00253,PROD-0032,3,482.94,26.04,False
ITEM-000507,ORD-00152,PROD-0034,3,609.37,27.06,False
ITEM-000508,ORD-00166,PROD-0002,2,125.55,24.09,False
ITEM-000509,ORD-00083,PROD-0067,1,910.84,36.68,False
ITEM-000510,ORD-00513,PROD-0069,4,661.89,17.07,False
ITEM-000511,ORD-00092,PROD-0014,4,639.81,29.36,False
ITEM-000512,ORD-00408,PROD-0040,3,16.35,10.76,False
ITEM-000513,ORD-00428,PROD-0068,2,422.66,0.06,False
ITEM-000514,ORD-00138,PROD-0026,3,491.6,6.83,False
ITEM-000515,ORD-00191,PROD-0026,5,68.38,18.03,False
ITEM-000516,ORD-00419,PROD-0057,2,630.56,7.68,False
ITEM-000517,ORD-00088,PROD-0049,5,133.42,25.46,False
ITEM-000518,ORD-00104,PROD-0002,1,70.44,23.43,False
ITEM-000519,ORD-00217,PROD-0067,1,793.86,31.57,False
ITEM-000520,ORD-00498,PROD-0061,4,759.33,39.48,False
ITEM-000521,ORD-00323,PROD-0031,5,941.57,14.83,False
ITEM-000522,ORD-00339,PROD-0013,4,13.04,2.29,False
ITEM-000523,ORD-00126,PROD-0068,4,286.66,35.52,False
ITEM-000524,ORD-00487,PROD-0066,2,418.99,24.73,False
ITEM-000525,ORD-00330,PROD-0003,-2,637.43,25.52,True
ITEM-000526,ORD-00240,PROD-0078,1,489.68,29.43,False
ITEM-000527,ORD-00488,PROD-0013,5,736.92,13.93,False
ITEM-000528,ORD-00586,PROD-0065,3,41.42,28.48,False
ITEM-000529,ORD-00562,PROD-0060,4,176.36,12.05,False
ITEM-000530,ORD-00250,PROD-0028,4,178.72,19.29,False
ITEM-000531,ORD-00335,PROD-0050,1,768.64,39.73,False
ITEM-000532,ORD-00127,PROD-0018,2,923.5,26.64,False
ITEM-000533,ORD-00590,PROD-0077,4,74.01,27.67,False
ITEM-000534,ORD-00391,PROD-0072,3,966.58,28.7,False
ITEM-000535,ORD-00090,PROD-0015,4,98.24,8.94,False
ITEM-000536,ORD-00377,PROD-0017,5,854.79,29.78,False
ITEM-000537,ORD-00549,PROD-0025,4,848.64,0.07,False
ITEM-000538,ORD-00130,PROD-0067,4,667.1,14.6,False
ITEM-000539,ORD-00472,PROD-0041,5,153.24,15.81,False
ITEM-000540,ORD-00291,PROD-0019,3,749.58,19.99,False
ITEM-000541,ORD-00127,PROD-0036,1,996.87,12.36,False
ITEM-000542,ORD-00386,PROD-0008,5,981.32,33.15,False
ITEM-000543,ORD-00231,PROD-0007,3,923.92,28.67,False
ITEM-000544,ORD-00164,PROD-0003,2,552.45,29.1,False
ITEM-000545,ORD-00401,PROD-0051,3,81.09,18.94,False
ITEM-000546,ORD-00562,PROD-0051,3,106.34,36.92,False
ITEM-000547,ORD-00312,PROD-0059,3,658.08,23.22,False
ITEM-000548,ORD-00149,PROD-0027,5,225.95,27.84,False
ITEM-000549,ORD-00590,PROD-0014,2,681.52,0.37,False
ITEM-000550,ORD-00173,PROD-0008,2,105.08,39.31,False
ITEM-000551,ORD-00347,PROD-0076,4,439.47,2.1,False
ITEM-000552,ORD-00247,PROD-0051,2,493.73,16.16,False
ITEM-000553,ORD-00092,PROD-0060,5,866.24,26.11,False
ITEM-000554,ORD-00123,PROD-0015,4,91.8,26.13,False
ITEM-000555,ORD-00587,PROD-0074,4,484.69,36.34,False
ITEM-000556,ORD-00445,PROD-0039,1,575.7,7.24,False
ITEM-000557,ORD-00551,PROD-0024,1,411.27,28.55,False
ITEM-000558,ORD-00543,PROD-0063,1,73.28,32.7,False
ITEM-000559,ORD-00213,PROD-0016,5,188.85,32.75,False
ITEM-000560,ORD-00322,PROD-0016,5,48.74,0.21,False
ITEM-000561,ORD-00036,PROD-0011,5,980.12,6.45,False
ITEM-000562,ORD-00001,PROD-0032,5,307.58,38.65,False
ITEM-000563,ORD-00144,PROD-0074,5,495.53,11.74,False
ITEM-000564,ORD-00552,PROD-0066,3,217.73,39.44,False
ITEM-000565,ORD-00146,PROD-0039,1,857.51,1.79,False
ITEM-000566,ORD-00368,PROD-0036,2,137.2,24.09,False
ITEM-000567,ORD-00168,PROD-0052,5,461.5,21.99,False
ITEM-000568,ORD-00209,PROD-0010,3,633.26,37.61,False
ITEM-000569,ORD-00382,PROD-0073,3,660.73,27.87,False
ITEM-000570,ORD-00445,PROD-0049,5,35.64,16.79,False
ITEM-000571,ORD-00562,PROD-0053,5,75.29,10.81,False
ITEM-000572,ORD-00232,PROD-0036,1,19.75,13.34,False
ITEM-000573,ORD-00127,PROD-0023,4,531.2,8.89,False
ITEM-000574,ORD-00358,PROD-0074,3,866.73,32.27,False
ITEM-000575,ORD-00326,PROD-0050,5,188.86,3.96,False
ITEM-000576,ORD-00131,PROD-0034,5,19.39,35.28,False
ITEM-000577,ORD-00582,PROD-0035,5,62.33,26.3,False
ITEM-000578,ORD-00469,PROD-0024,3,444.56,9.96,False
ITEM-000579,ORD-00439,PROD-0067,3,942.25,20.09,False
ITEM-000580,ORD-00417,PROD-0041,2,846.78,34.32,False
ITEM-000581,ORD-00590,PROD-0008,1,93.73,9.6,False
ITEM-000582,ORD-00435,PROD-0066,3,933.11,19.71,False
ITEM-000583,ORD-00546,PROD-0016,2,411.41,20.6,False
ITEM-000584,ORD-00548,PROD-0045,5,251.77,100.0,False
ITEM-000585,ORD-00173,PROD-0068,5,904.75,1.69,False
ITEM-000586,ORD-00053,PROD-0055,2,500.54,33.58,False
ITEM-000587,ORD-00256,PROD-0070,2,852.26,4.53,False
ITEM-000588,ORD-00003,PROD-0073,1,399.68,19.32,False
ITEM-000589,ORD-00037,PROD-0060,3,893.56,38.37,False
ITEM-000590,ORD-00306,PROD-0046,4,116.08,0.24,False
ITEM-000591,ORD-00104,PROD-0056,3,497.12,7.45,False
ITEM-000592,ORD-00500,PROD-0001,1,164.06,35.94,False
ITEM-000593,ORD-00439,PROD-0024,3,541.05,15.81,False
ITEM-000594,ORD-00166,PROD-0018,3,360.19,17.54,False
ITEM-000595,ORD-00114,PROD-0025,-4,292.04,35.34,True
ITEM-000596,ORD-00165,PROD-0026,2,948.88,29.76,False
ITEM-000597,ORD-00131,PROD-0042,3,753.57,19.56,False
ITEM-000598,ORD-00399,PROD-0017,4,118.63,36.94,False
ITEM-000599,ORD-00014,PROD-0031,1,61.51,5.04,False
ITEM-000600,ORD-00289,PROD-0063,3,91.78,100.0,False
ITEM-000601,ORD-00256,PROD-0036,4,769.05,6.1,False
ITEM-000602,ORD-00204,PROD-0061,3,709.39,9.89,False
ITEM-000603,ORD-00153,PROD-0030,1,129.25,20.09,False
ITEM-000604,ORD-00437,PROD-0003,4,620.29,39.62,False
ITEM-000605,ORD-00237,PROD-0029,1,342.81,15.21,False
ITEM-000606,ORD-00113,PROD-0035,4,369.93,17.08,False
ITEM-000607,ORD-00187,PROD-0006,3,10.52,9.88,False
ITEM-000608,ORD-00104,PROD-0056,3,192.98,18.88,False
ITEM-000609,ORD-00014,PROD-0071,4,772.75,12.17,False
ITEM-000610,ORD-00542,PROD-0078,2,377.87,29.65,False
ITEM-000611,ORD-00134,PROD-0078,3,129.14,15.36,False
ITEM-000612,ORD-00198,PROD-0058,5,926.24,35.36,False
ITEM-000613,ORD-00486,PROD-0026,1,538.21,24.76,False
ITEM-000614,ORD-00259,PROD-0072,2,975.36,7.67,False
ITEM-000615,ORD-00070,PROD-0062,3,424.8,28.69,False
ITEM-000616,ORD-00133,PROD-0038,5,54.98,6.68,False
ITEM-000617,ORD-00408,PROD-0064,5,687.84,38.9,False
ITEM-000618,ORD-00394,PROD-0072,5,781.57,6.62,False
ITEM-000619,ORD-00010,PROD-0066,4,460.88,100.0,False
ITEM-000620,ORD-00275,PROD-0071,5,127.9,34.1,False
ITEM-000621,ORD-00152,PROD-0036,2,927.97,9.53,False
ITEM-000622,ORD-00216,PROD-0069,3,125.01,2.06,False
ITEM-000623,ORD-00563,PROD-0034,3,724.85,38.89,False
ITEM-000624,ORD-00011,PROD-0046,4,227.08,11.8,False
ITEM-000625,ORD-00598,PROD-0014,3,725.37,38.86,False
ITEM-000626,ORD-00565,PROD-0027,4,818.67,10.29,False
ITEM-000627,ORD-00405,PROD-0020,2,451.59,8.16,False
ITEM-000628,ORD-00186,PROD-0059,4,193.17,36.09,False
ITEM-000629,ORD-00289,PROD-0003,2,317.05,19.62,False
ITEM-000630,ORD-00147,PROD-0010,2,432.12,27.49,False
ITEM-000631,ORD-00540,PROD-0018,4,729.49,38.82,False
ITEM-000632,ORD-00014,PROD-0006,1,140.85,15.12,False
ITEM-000633,ORD-00010,PROD-0014,1,546.94,37.54,False
ITEM-000634,ORD-00577,PROD-0057,3,817.3,3.4,False
ITEM-000635,ORD-00274,PROD-0070,3,131.83,6.18,False
ITEM-000636,ORD-00426,PROD-0019,1,11.19,11.87,False
ITEM-000637,ORD-00294,PROD-0029,-2,922.46,17.09,True
ITEM-000638,ORD-00504,PROD-0022,4,990.85,28.59,False
ITEM-000639,ORD-00342,PROD-0016,2,366.88,38.23,False
ITEM-000640,ORD-00544,PROD-0043,1,603.61,24.18,False
ITEM-000641,ORD-00294,PROD-0045,4,876.64,26.69,False
ITEM-000642,ORD-00079,PROD-0001,3,863.09,26.47,False
ITEM-000643,ORD-00458,PROD-0062,2,816.49,5.86,False
ITEM-000644,ORD-00093,PROD-0042,1,994.81,38.38,False
ITEM-000645,ORD-00493,PROD-0053,2,605.72,14.1,False
ITEM-000646,ORD-00393,PROD-0054,3,553.84,37.76,False
ITEM-000647,ORD-00394,PROD-0011,5,585.14,21.3,False
ITEM-000648,ORD-00225,PROD-0012,4,242.83,31.06,False
ITEM-000649,ORD-00486,PROD-0018,1,921.69,34.02,False
ITEM-000650,ORD-00143,PROD-0038,1,465.77,14.43,False
ITEM-000651,ORD-00230,PROD-0008,5,749.52,36.52,False
ITEM-000652,ORD-00027,PROD-0055,1,377.96,28.16,False
ITEM-000653,ORD-00162,PROD-0004,1,155.41,2.95,False
ITEM-000654,ORD-00427,PROD-0020,2,767.75,3.08,False
ITEM-000655,ORD-00307,PROD-0061,4,417.4,29.92,False
ITEM-000656,ORD-00114,PROD-0020,3,69.39,25.79,False
ITEM-000657,ORD-00406,PROD-0055,1,683.09,6.94,False
ITEM-000658,ORD-00514,PROD-0040,4,712.25,33.18,False
ITEM-000659,ORD-00387,PROD-0017,4,745.69,10.87,False
ITEM-000660,ORD-00573,PROD-0078,4,843.29,8.76,False
ITEM-000661,ORD-00390,PROD-0022,4,64.11,26.11,False
ITEM-000662,ORD-00080,PROD-0047,3,607.15,7.79,False
ITEM-000663,ORD-00067,PROD-0028,-3,601.13,11.29,True
ITEM-000664,ORD-00247,PROD-0035,3,94.18,8.07,False
ITEM-000665,ORD-00047,PROD-0007,5,321.42,22.55,False
ITEM-000666,ORD-00408,PROD-0065,-3,202.92,14.27,True
ITEM-000667,ORD-00100,PROD-0043,4,413.2,38.95,False
ITEM-000668,ORD-00392,PROD-0062,5,590.48,32.3,False
ITEM-000669,ORD-00096,PROD-0030,1,885.55,6.06,False
ITEM-000670,ORD-00529,PROD-0078,2,654.87,6.44,False
ITEM-000671,ORD-00442,PROD-0006,3,891.76,5.25,False
ITEM-000672,ORD-00157,PROD-0073,4,631.5,39.88,False
ITEM-000673,ORD-00317,PROD-0071,4,868.85,0.6,False
ITEM-000674,ORD-00303,PROD-0021,1,77.47,18.19,False
ITEM-000675,ORD-00472,PROD-0034,5,986.27,3.57,False
ITEM-000676,ORD-00127,PROD-0073,3,493.37,17.68,False
ITEM-000677,ORD-00133,PROD-0057,3,373.05,16.04,False
ITEM-000678,ORD-00519,PROD-0058,5,270.19,14.95,False
ITEM-000679,ORD-00251,PROD-0072,1,17.85,25.75,False
ITEM-000680,ORD-00075,PROD-0029,1,394.33,6.33,False
ITEM-000681,ORD-00548,PROD-0060,4,118.02,13.96,False
ITEM-000682,ORD-00444,PROD-0026,2,407.5,36.7,False
ITEM-000683,ORD-00488,PROD-0015,1,285.58,39.86,False
ITEM-000684,ORD-00219,PROD-0041,1,572.51,37.94,False
ITEM-000685,ORD-00441,PROD-0061,5,221.28,2.5,False
ITEM-000686,ORD-00277,PROD-0033,2,639.32,38.11,False
ITEM-000687,ORD-00463,PROD-0054,1,529.52,10.96,False
ITEM-000688,ORD-00439,PROD-0044,3,963.72,2.15,False
ITEM-000689,ORD-00487,PROD-0069,3,691.93,13.97,False
ITEM-000690,ORD-00585,PROD-0050,2,824.78,17.47,False
ITEM-000691,ORD-00593,PROD-0079,5,153.16,23.89,False
ITEM-000692,ORD-00512,PROD-0041,-3,122.46,35.86,True
ITEM-000693,ORD-00129,PROD-0058,4,642.52,28.89,False
ITEM-000694,ORD-00431,PROD-0070,5,776.63,8.74,False
ITEM-000695,ORD-00591,PROD-0002,5,376.54,13.92,False
ITEM-000696,ORD-00128,PROD-0064,-3,652.41,35.87,True
ITEM-000697,ORD-00437,PROD-0067,4,974.32,14.07,False
ITEM-000698,ORD-00182,PROD-0071,3,598.93,7.03,False
ITEM-000699,ORD-00448,PROD-0037,5,705.06,11.4,False
ITEM-000700,ORD-00017,PROD-0079,1,933.16,32.24,False
ITEM-000701,ORD-00103,PROD-0057,1,508.32,30.07,False
ITEM-000702,ORD-00466,PROD-0071,1,387.26,34.07,False
ITEM-000703,ORD-00476,PROD-0053,2,908.9,38.02,False
ITEM-000704,ORD-00291,PROD-0035,-4,880.8,14.99,True
ITEM-000705,ORD-00248,PROD-0001,3,901.18,36.11,False
ITEM-000706,ORD-00532,PROD-0077,4,324.29,1.05,False
ITEM-000707,ORD-00401,PROD-0025,2,620.1,39.71,False
ITEM-000708,ORD-00132,PROD-0050,4,977.57,32.05,False
ITEM-000709,ORD-00237,PROD-0013,2,712.91,12.72,False
ITEM-000710,ORD-00267,PROD-0071,2,167.45,25.26,False
ITEM-000711,ORD-00157,PROD-0004,3,621.91,3.73,False
ITEM-000712,ORD-00134,PROD-0059,5,638.11,3.15,False
ITEM-000713,ORD-00199,PROD-0069,3,842.04,26.1,False
ITEM-000714,ORD-00148,PROD-0003,4,641.99,26.37,False
ITEM-000715,ORD-00126,PROD-0014,5,150.41,4.44,False
ITEM-000716,ORD-00371,PROD-0027,3,396.88,3.71,False
ITEM-000717,ORD-00079,PROD-0027,4,690.45,16.55,False
ITEM-000718,ORD-00165,PROD-0024,4,305.76,25.34,False
ITEM-000719,ORD-00121,PROD-0044,2,993.79,25.25,False
ITEM-000720,ORD-00261,PROD-0016,4,200.91,100.0,False
ITEM-000721,ORD-00222,PROD-0047,1,123.63,20.72,False
ITEM-000722,ORD-00130,PROD-0035,-2,280.92,5.54,True
ITEM-000723,ORD-00302,PROD-0060,2,747.73,13.94,False
ITEM-000724,ORD-00257,PROD-0023,4,205.89,37.85,False
ITEM-000725,ORD-00320,PROD-0022,3,796.15,4.12,False
ITEM-000726,ORD-00279,PROD-0041,4,626.67,17.85,False
ITEM-000727,ORD-00066,PROD-0058,5,175.57,7.99,False
ITEM-000728,ORD-00544,PROD-0046,1,404.31,10.12,False
ITEM-000729,ORD-00367,PROD-0032,1,81.9,12.91,False
ITEM-000730,ORD-00327,PROD-0002,3,719.62,31.18,False
ITEM-000731,ORD-00576,PROD-0009,2,391.72,31.81,False
ITEM-000732,ORD-00077,PROD-0074,5,893.73,8.7,False
ITEM-000733,ORD-00203,PROD-0026,4,59.15,17.41,False
ITEM-000734,ORD-00128,PROD-0058,4,179.42,39.61,False
ITEM-000735,ORD-00019,PROD-0074,3,988.07,9.46,False
ITEM-000736,ORD-00547,PROD-0068,4,48.72,33.67,False
ITEM-000737,ORD-00309,PROD-0036,1,324.01,3.8,False
ITEM-000738,ORD-00049,PROD-0051,3,305.45,22.26,False
ITEM-000739,ORD-00383,PROD-0080,4,111.71,25.64,False
ITEM-000740,ORD-00331,PROD-0056,2,234.07,0.42,False
ITEM-000741,ORD-00551,PROD-0001,1,934.76,36.09,False
ITEM-000742,ORD-00312,PROD-0010,1,271.08,31.4,False
ITEM-000743,ORD-00142,PROD-0075,5,466.08,15.18,False
ITEM-000744,ORD-00424,PROD-0058,2,671.54,5.92,False
ITEM-000745,ORD-00288,PROD-0042,5,774.91,23.12,False
ITEM-000746,ORD-00085,PROD-0046,4,562.92,10.55,False
ITEM-000747,ORD-00080,PROD-0010,2,972.04,29.41,False
ITEM-000748,ORD-00395,PROD-0025,1,492.76,26.82,False
ITEM-000749,ORD-00321,PROD-0040,3,711.42,23.62,False
ITEM-000750,ORD-00373,PROD-0050,2,975.3,4.23,False
ITEM-000751,ORD-00285,PROD-0055,5,172.54,31.2,False
ITEM-000752,ORD-00473,PROD-0014,3,747.57,23.09,False
ITEM-000753,ORD-00488,PROD-0068,-2,458.1,18.43,True
ITEM-000754,ORD-00218,PROD-0020,3,402.95,22.01,False
ITEM-000755,ORD-00101,PROD-0007,4,652.13,2.13,False
ITEM-000756,ORD-00283,PROD-0068,4,611.36,7.58,False
ITEM-000757,ORD-00114,PROD-0029,5,124.03,27.25,False
ITEM-000758,ORD-00283,PROD-0029,1,883.76,9.55,False
ITEM-000759,ORD-00275,PROD-0064,4,213.64,4.05,False
ITEM-000760,ORD-00004,PROD-0013,2,193.22,11.52,False
ITEM-000761,ORD-00245,PROD-0022,5,321.95,12.21,False
ITEM-000762,ORD-00014,PROD-0061,1,433.63,13.29,False
ITEM-000763,ORD-00010,PROD-0077,1,358.61,10.55,False
ITEM-000764,ORD-00113,PROD-0006,4,820.73,19.53,False
ITEM-000765,ORD-00516,PROD-0022,5,757.43,11.63,False
ITEM-000766,ORD-00503,PROD-0045,1,989.89,32.16,False
ITEM-000767,ORD-00362,PROD-0039,3,713.05,10.14,False
ITEM-000768,ORD-00496,PROD-0015,5,277.23,34.28,False
ITEM-000769,ORD-00226,PROD-0019,5,363.61,0.83,False
ITEM-000770,ORD-00369,PROD-0027,1,746.91,29.64,False
ITEM-000771,ORD-00281,PROD-0070,2,900.22,15.11,False
ITEM-000772,ORD-00358,PROD-0043,4,397.11,35.04,False
ITEM-000773,ORD-00594,PROD-0067,4,704.81,11.05,False
ITEM-000774,ORD-00356,PROD-0037,5,119.08,31.81,False
ITEM-000775,ORD-00154,PROD-0067,1,966.99,27.42,False
ITEM-000776,ORD-00067,PROD-0038,5,25.43,6.5,False
ITEM-000777,ORD-00501,PROD-0040,1,15.03,33.02,False
ITEM-000778,ORD-00359,PROD-0037,3,787.4,0.03,False
ITEM-000779,ORD-00089,PROD-0035,5,151.21,30.76,False
ITEM-000780,ORD-00033,PROD-0061,2,933.6,36.73,False
ITEM-000781,ORD-00101,PROD-0034,2,920.98,25.48,False
ITEM-000782,ORD-00331,PROD-0075,5,147.77,22.56,False
ITEM-000783,ORD-00313,PROD-0011,2,304.35,16.65,False
ITEM-000784,ORD-00448,PROD-0013,4,147.21,15.04,False
ITEM-000785,ORD-00367,PROD-0060,4,360.64,20.15,False
ITEM-000786,ORD-00573,PROD-0004,4,957.91,16.41,False
ITEM-000787,ORD-00249,PROD-0075,4,517.07,5.62,False
ITEM-000788,ORD-00055,PROD-0051,2,134.67,36.0,False
ITEM-000789,ORD-00056,PROD-0011,1,64.14,30.52,False
ITEM-000790,ORD-00494,PROD-0043,1,865.66,3.9,False
ITEM-000791,ORD-00055,PROD-0027,1,521.09,26.98,False
ITEM-000792,ORD-00159,PROD-0039,5,631.95,19.81,False
ITEM-000793,ORD-00069,PROD-0001,1,161.48,24.95,False
ITEM-000794,ORD-00026,PROD-0065,1,449.37,9.89,False
ITEM-000795,ORD-00189,PROD-0031,1,843.29,12.0,False
ITEM-000796,ORD-00127,PROD-0056,5,154.77,24.51,False
ITEM-000797,ORD-00175,PROD-0066,1,744.24,32.74,False
ITEM-000798,ORD-00103,PROD-0076,5,498.02,19.22,False
ITEM-000799,ORD-00427,PROD-0055,3,156.67,27.91,False
ITEM-000800,ORD-00311,PROD-0005,3,648.65,22.57,False
ITEM-000801,ORD-00143,PROD-0060,5,883.59,36.32,False
ITEM-000802,ORD-00516,PROD-0027,4,355.34,39.27,False
ITEM-000803,ORD-00361,PROD-0073,5,345.89,2.51,False
ITEM-000804,ORD-00404,PROD-0009,2,916.99,30.5,False
ITEM-000805,ORD-00590,PROD-0065,4,777.63,18.87,False
ITEM-000806,ORD-00595,PROD-0045,5,588.64,27.91,False
ITEM-000807,ORD-00238,PROD-0013,4,668.6,1.18,False
ITEM-000808,ORD-00243,PROD-0014,4,900.79,19.06,False
ITEM-000809,ORD-00066,PROD-0008,2,615.77,15.36,False
ITEM-000810,ORD-00384,PROD-0078,1,634.97,30.0,False
ITEM-000811,ORD-00387,PROD-0018,1,988.97,12.85,False
ITEM-000812,ORD-00293,PROD-0029,5,209.17,7.83,False
ITEM-000813,ORD-00089,PROD-0075,2,33.99,21.14,False
ITEM-000814,ORD-00369,PROD-0053,1,572.6,32.4,False
ITEM-000815,ORD-00541,PROD-0064,1,198.23,27.29,False
ITEM-000816,ORD-00573,PROD-0018,2,803.57,18.95,False
ITEM-000817,ORD-00081,PROD-0017,4,784.55,15.04,False
ITEM-000818,ORD-00554,PROD-0043,3,32.31,19.95,False
ITEM-000819,ORD-00070,PROD-0021,3,968.42,10.06,False
ITEM-000820,ORD-00513,PROD-0040,1,405.22,9.66,False
ITEM-000821,ORD-00270,PROD-0004,1,41.94,35.67,False
ITEM-000822,ORD-00143,PROD-0027,4,551.61,13.38,False
ITEM-000823,ORD-00242,PROD-0064,3,82.17,26.53,False
ITEM-000824,ORD-00037,PROD-0045,5,981.24,28.12,False
ITEM-000825,ORD-00565,PROD-0062,4,947.12,24.5,False
ITEM-000826,ORD-00231,PROD-0045,3,437.19,4.16,False
ITEM-000827,ORD-00057,PROD-0004,3,775.87,35.06,False
ITEM-000828,ORD-00019,PROD-0071,2,487.34,34.41,False
ITEM-000829,ORD-00438,PROD-0071,4,146.38,27.82,False
ITEM-000830,ORD-00361,PROD-0025,4,349.68,24.63,False
ITEM-000831,ORD-00423,PROD-0069,1,572.36,3.68,False
ITEM-000832,ORD-00059,PROD-0017,1,444.16,10.0,False
ITEM-000833,ORD-00251,PROD-0038,3,138.41,13.99,False
ITEM-000834,ORD-00257,PROD-0070,4,213.79,4.9,False
ITEM-000835,ORD-00310,PROD-0047,3,782.4,34.35,False
ITEM-000836,ORD-00327,PROD-0070,3,508.4,9.77,False
ITEM-000837,ORD-00498,PROD-0036,1,87.65,16.43,False
ITEM-000838,ORD-00567,PROD-0027,2,131.51,20.84,False
ITEM-000839,ORD-00465,PROD-0015,2,31.07,9.4,False
ITEM-000840,ORD-00087,PROD-0008,1,286.29,23.53,False
ITEM-000841,ORD-00455,PROD-0006,5,232.19,0.75,False
ITEM-000842,ORD-00313,PROD-0005,4,546.12,17.24,False
ITEM-000843,ORD-00345,PROD-0034,3,812.13,36.4,False
ITEM-000844,ORD-00445,PROD-0055,5,784.78,1.09,False
ITEM-000845,ORD-00295,PROD-0069,1,468.86,22.13,False
ITEM-000846,ORD-00391,PROD-0060,5,748.17,30.76,False
ITEM-000847,ORD-00281,PROD-0011,2,998.81,0.61,False
ITEM-000848,ORD-00281,PROD-0047,5,276.05,22.84,False
ITEM-000849,ORD-00128,PROD-0040,3,572.75,32.41,False
ITEM-000850,ORD-00018,PROD-0057,3,18.77,33.9,False
ITEM-000851,ORD-00224,PROD-0053,1,67.99,19.21,False
ITEM-000852,ORD-00066,PROD-0057,1,188.0,24.41,False
ITEM-000853,ORD-00179,PROD-0019,3,872.52,19.8,False
ITEM-000854,ORD-00519,PROD-0057,1,584.08,26.18,False
ITEM-000855,ORD-00266,PROD-0033,1,25.95,9.12,False
ITEM-000856,ORD-00112,PROD-0010,3,511.86,1.79,False
ITEM-000857,ORD-00381,PROD-0054,1,80.67,9.48,False
ITEM-000858,ORD-00369,PROD-0043,4,975.34,5.72,False
ITEM-000859,ORD-00165,PROD-0048,3,54.15,38.94,False
ITEM-000860,ORD-00321,PROD-0066,2,718.6,1.02,False
ITEM-000861,ORD-00388,PROD-0075,5,42.26,28.51,False
ITEM-000862,ORD-00080,PROD-0029,2,569.74,39.91,False
ITEM-000863,ORD-00125,PROD-0068,5,800.21,29.36,False
ITEM-000864,ORD-00276,PROD-0025,5,837.64,20.98,False
ITEM-000865,ORD-00371,PROD-0030,3,461.25,13.15,False
ITEM-000866,ORD-00420,PROD-0047,1,88.88,17.8,False
ITEM-000867,ORD-00236,PROD-0058,5,788.43,36.59,False
ITEM-000868,ORD-00551,PROD-0032,2,778.67,33.07,False
ITEM-000869,ORD-00294,PROD-0044,4,320.7,26.64,False
ITEM-000870,ORD-00507,PROD-0026,1,900.86,20.2,False
ITEM-000871,ORD-00568,PROD-0061,-4,745.42,4.83,True
ITEM-000872,ORD-00171,PROD-0010,2,141.04,33.35,False
ITEM-000873,ORD-00412,PROD-0072,5,249.01,36.17,False
ITEM-000874,ORD-00111,PROD-0006,3,83.01,35.9,False
ITEM-000875,ORD-00447,PROD-0038,3,760.07,36.43,False
ITEM-000876,ORD-00522,PROD-0011,2,160.72,28.95,False
ITEM-000877,ORD-00389,PROD-0042,1,444.19,14.79,False
ITEM-000878,ORD-00238,PROD-0039,5,498.35,11.17,False
ITEM-000879,ORD-00437,PROD-0037,1,329.56,35.89,False
ITEM-000880,ORD-00216,PROD-0056,3,523.93,38.14,False
ITEM-000881,ORD-00170,PROD-0016,5,294.95,12.57,False
ITEM-000882,ORD-00266,PROD-0078,4,755.92,35.41,False
ITEM-000883,ORD-00521,PROD-0022,2,37.07,5.64,False
ITEM-000884,ORD-00007,PROD-0063,1,834.17,21.59,False
ITEM-000885,ORD-00437,PROD-0057,1,525.67,11.27,False
ITEM-000886,ORD-00123,PROD-0057,4,889.98,4.38,False
ITEM-000887,ORD-00120,PROD-0046,4,805.59,34.58,False
ITEM-000888,ORD-00283,PROD-0059,2,634.31,13.08,False
ITEM-000889,ORD-00040,PROD-0056,5,109.42,2.96,False
ITEM-000890,ORD-00037,PROD-0002,5,253.44,33.66,False
ITEM-000891,ORD-00272,PROD-0061,5,159.91,37.73,False
ITEM-000892,ORD-00091,PROD-0067,2,858.58,11.3,False
ITEM-000893,ORD-00214,PROD-0023,-2,48.41,2.69,True
ITEM-000894,ORD-00358,PROD-0062,3,535.15,25.24,False
ITEM-000895,ORD-00497,PROD-0063,2,798.77,33.63,False
ITEM-000896,ORD-00225,PROD-0015,4,963.28,21.74,False
ITEM-000897,ORD-00436,PROD-0015,3,184.42,17.89,False
ITEM-000898,ORD-00132,PROD-0062,3,841.71,13.9,False
ITEM-000899,ORD-00275,PROD-0065,4,222.95,27.49,False
ITEM-000900,ORD-00326,PROD-0053,4,397.45,30.87,False
ITEM-000901,ORD-00498,PROD-0029,4,346.43,10.43,False
ITEM-000902,ORD-00171,PROD-0069,1,214.13,16.39,False
ITEM-000903,ORD-00553,PROD-0003,1,950.77,24.53,False
ITEM-000904,ORD-00362,PROD-0071,1,72.82,3.61,False
ITEM-000905,ORD-00161,PROD-0069,1,401.56,14.48,False
ITEM-000906,ORD-00424,PROD-0028,2,557.41,6.46,False
ITEM-000907,ORD-00540,PROD-0014,2,506.47,1.44,False
ITEM-000908,ORD-00254,PROD-0005,4,279.72,11.32,False
ITEM-000909,ORD-00277,PROD-0011,1,85.75,15.11,False
ITEM-000910,ORD-00016,PROD-0070,5,608.81,30.5,False
ITEM-000911,ORD-00320,PROD-0042,2,430.89,23.53,False
ITEM-000912,ORD-00591,PROD-0061,1,382.8,18.36,False
ITEM-000913,ORD-00495,PROD-0037,4,908.58,38.68,False
ITEM-000914,ORD-00404,PROD-0048,5,765.06,15.3,False
ITEM-000915,ORD-00238,PROD-0058,1,376.11,23.12,False
ITEM-000916,ORD-00086,PROD-0013,5,565.27,12.42,False
ITEM-000917,ORD-00145,PROD-0052,2,620.31,19.59,False
ITEM-000918,ORD-00061,PROD-0064,4,259.49,33.59,False
ITEM-000919,ORD-00579,PROD-0077,3,412.46,33.37,False
ITEM-000920,ORD-00501,PROD-0070,1,504.81,8.37,False
ITEM-000921,ORD-00084,PROD-0014,2,431.44,28.35,False
ITEM-000922,ORD-00125,PROD-0022,1,205.38,30.28,False
ITEM-000923,ORD-00538,PROD-0063,1,148.46,16.97,False
ITEM-000924,ORD-00302,PROD-0035,5,527.25,0.37,False
ITEM-000925,ORD-00298,PROD-0067,5,688.16,22.55,False
ITEM-000926,ORD-00484,PROD-0060,5,218.5,14.85,False
ITEM-000927,ORD-00139,PROD-0022,3,529.12,28.81,False
ITEM-000928,ORD-00069,PROD-0001,-4,318.71,16.65,True
ITEM-000929,ORD-00097,PROD-0008,2,628.71,3.75,False
ITEM-000930,ORD-00232,PROD-0045,5,632.52,14.02,False
ITEM-000931,ORD-00599,PROD-0040,2,373.59,32.83,False
ITEM-000932,ORD-00208,PROD-0010,4,596.7,22.44,False
ITEM-000933,ORD-00105,PROD-0017,1,798.91,11.2,False
ITEM-000934,ORD-00284,PROD-0079,5,671.8,15.32,False
ITEM-000935,ORD-00222,PROD-0012,4,930.24,0.11,False
ITEM-000936,ORD-00332,PROD-0010,5,896.98,6.59,False
ITEM-000937,ORD-00484,PROD-0042,1,309.52,32.29,False
ITEM-000938,ORD-00486,PROD-0046,1,318.63,15.73,False
ITEM-000939,ORD-00220,PROD-0022,5,946.03,3.13,False
ITEM-000940,ORD-00502,PROD-0033,3,688.5,33.6,False
ITEM-000941,ORD-00375,PROD-0060,5,773.03,26.08,False
ITEM-000942,ORD-00196,PROD-0049,3,380.45,8.55,False
ITEM-000943,ORD-00318,PROD-0043,1,103.16,14.44,False
ITEM-000944,ORD-00280,PROD-0005,3,650.74,20.11,False
ITEM-000945,ORD-00281,PROD-0008,4,971.42,39.83,False
ITEM-000946,ORD-00466,PROD-0063,1,182.02,37.1,False
ITEM-000947,ORD-00157,PROD-0023,5,872.19,1.53,False
ITEM-000948,ORD-00455,PROD-0008,2,321.08,33.36,False
ITEM-000949,ORD-00018,PROD-0043,5,838.89,34.1,False
ITEM-000950,ORD-00376,PROD-0067,3,24.02,6.77,False
ITEM-000951,ORD-00198,PROD-0065,4,156.03,26.71,False
ITEM-000952,ORD-00204,PROD-0065,3,415.15,17.74,False
ITEM-000953,ORD-00478,PROD-0073,1,837.73,22.42,False
ITEM-000954,ORD-00093,PROD-0024,1,732.24,18.52,False
ITEM-000955,ORD-00174,PROD-0002,2,225.34,25.06,False
ITEM-000956,ORD-00316,PROD-0025,3,749.92,35.09,False
ITEM-000957,ORD-00286,PROD-0018,2,569.38,15.17,False
ITEM-000958,ORD-00182,PROD-0038,4,266.75,7.53,False
ITEM-000959,ORD-00358,PROD-0067,4,455.17,19.6,False
ITEM-000960,ORD-00551,PROD-0073,2,218.55,33.39,False
ITEM-000961,ORD-00213,PROD-0044,4,702.65,32.44,False
ITEM-000962,ORD-00526,PROD-0027,5,265.62,29.73,False
ITEM-000963,ORD-00191,PROD-0061,4,148.41,36.88,False
ITEM-000964,ORD-00035,PROD-0042,5,704.27,22.55,False
ITEM-000965,ORD-00343,PROD-0044,3,651.39,0.32,False
ITEM-000966,ORD-00560,PROD-0024,1,754.51,14.32,False
ITEM-000967,ORD-00446,PROD-0052,4,478.83,18.26,False
ITEM-000968,ORD-00411,PROD-0039,2,49.72,14.93,False
ITEM-000969,ORD-00432,PROD-0055,2,776.32,36.03,False
ITEM-000970,ORD-00308,PROD-0077,5,965.57,1.14,False
ITEM-000971,ORD-00134,PROD-0043,5,790.67,38.9,False
ITEM-000972,ORD-00355,PROD-0059,1,402.02,12.37,False
ITEM-000973,ORD-00309,PROD-0040,-4,89.56,5.9,True
ITEM-000974,ORD-00158,PROD-0072,2,847.2,17.46,False
ITEM-000975,ORD-00564,PROD-0051,-3,701.78,6.37,True
ITEM-000976,ORD-00099,PROD-0050,4,137.21,33.25,False
ITEM-000977,ORD-00435,PROD-0077,2,399.9,13.08,False
ITEM-000978,ORD-00028,PROD-0029,1,886.72,26.8,False
ITEM-000979,ORD-00002,PROD-0079,2,603.17,14.77,False
ITEM-000980,ORD-00193,PROD-0006,4,219.11,25.82,False
ITEM-000981,ORD-00155,PROD-0037,4,317.97,15.36,False
ITEM-000982,ORD-00168,PROD-0051,4,685.51,38.34,False
ITEM-000983,ORD-00104,PROD-0052,1,805.5,3.31,False
ITEM-000984,ORD-00466,PROD-0002,1,491.27,5.15,False
ITEM-000985,ORD-00119,PROD-0078,4,809.04,2.18,False
ITEM-000986,ORD-00548,PROD-0047,4,120.55,31.24,False
ITEM-000987,ORD-00082,PROD-0020,2,16.88,21.27,False
ITEM-000988,ORD-00466,PROD-0056,5,58.05,20.6,False
ITEM-000989,ORD-00052,PROD-0077,3,689.51,34.72,False
ITEM-000990,ORD-00025,PROD-0070,3,274.55,27.0,False
ITEM-000991,ORD-00037,PROD-0077,3,120.56,0.7,False
ITEM-000992,ORD-00548,PROD-0013,1,134.78,15.85,False
ITEM-000993,ORD-00470,PROD-0080,2,251.65,17.24,False
ITEM-000994,ORD-00040,PROD-0019,5,613.25,1.63,False
ITEM-000995,ORD-00310,PROD-0055,1,406.72,39.21,False
ITEM-000996,ORD-00082,PROD-0056,2,965.5,10.27,False
ITEM-000997,ORD-00553,PROD-0032,2,697.3,39.8,False
ITEM-000998,ORD-00448,PROD-0036,1,749.39,18.92,False
ITEM-000999,ORD-00186,PROD-0037,2,279.94,26.86,False
ITEM-001000,ORD-00282,PROD-0035,4,467.81,31.28,False
ITEM-001001,ORD-00227,PROD-0009,3,615.26,8.99,False
ITEM-001002,ORD-00337,PROD-0070,5,395.14,23.52,False
ITEM-001003,ORD-00456,PROD-0020,-5,467.32,13.62,True
ITEM-001004,ORD-00262,PROD-0052,4,41.93,27.91,False
ITEM-001005,ORD-00354,PROD-0011,5,215.47,25.26,False
ITEM-001006,ORD-00479,PROD-0004,5,164.33,11.67,False
ITEM-001007,ORD-00024,PROD-0037,5,560.87,14.07,False
ITEM-001008,ORD-00388,PROD-0078,4,949.32,15.01,False
ITEM-001009,ORD-00585,PROD-0038,1,186.83,8.73,False
ITEM-001010,ORD-00564,PROD-0053,2,358.49,39.38,False
ITEM-001011,ORD-00372,PROD-0014,2,667.58,23.97,False
ITEM-001012,ORD-00414,PROD-0064,3,759.25,21.3,False
ITEM-001013,ORD-00182,PROD-0052,3,295.51,17.98,False
ITEM-001014,ORD-00101,PROD-0050,5,584.35,30.52,False
ITEM-001015,ORD-00230,PROD-0018,4,613.6,16.41,False
ITEM-001016,ORD-00024,PROD-0042,5,613.7,23.98,False
ITEM-001017,ORD-00380,PROD-0003,2,745.53,18.88,False
ITEM-001018,ORD-00166,PROD-0059,4,375.36,34.54,False
ITEM-001019,ORD-00331,PROD-0017,2,300.04,37.49,False
ITEM-001020,ORD-00455,PROD-0031,1,798.78,18.45,False
ITEM-001021,ORD-00340,PROD-0021,4,252.4,4.45,False
ITEM-001022,ORD-00533,PROD-0061,-1,863.54,1.29,True
ITEM-001023,ORD-00551,PROD-0016,1,718.63,38.3,False
ITEM-001024,ORD-00493,PROD-0008,5,300.02,21.37,False
ITEM-001025,ORD-00410,PROD-0066,4,632.97,29.01,False
ITEM-001026,ORD-00269,PROD-0075,4,756.03,4.96,False
ITEM-001027,ORD-00146,PROD-0032,1,797.59,14.66,False
ITEM-001028,ORD-00470,PROD-0063,2,754.97,13.2,False
ITEM-001029,ORD-00462,PROD-0034,3,572.54,27.57,False
ITEM-001030,ORD-00027,PROD-0029,5,881.36,5.6,False
ITEM-001031,ORD-00163,PROD-0073,5,637.55,11.65,False
ITEM-001032,ORD-00132,PROD-0019,4,611.36,26.93,False
ITEM-001033,ORD-00598,PROD-0039,4,156.87,9.12,False
ITEM-001034,ORD-00530,PROD-0052,1,482.19,28.85,False
ITEM-001035,ORD-00514,PROD-0041,2,528.09,25.75,False
ITEM-001036,ORD-00538,PROD-0062,4,183.62,19.41,False
ITEM-001037,ORD-00317,PROD-0027,-4,232.06,37.88,True
ITEM-001038,ORD-00202,PROD-0046,3,503.79,29.15,False
ITEM-001039,ORD-00537,PROD-0030,5,743.95,36.25,False
ITEM-001040,ORD-00338,PROD-0065,3,76.52,15.94,False
ITEM-001041,ORD-00082,PROD-0008,5,452.16,33.86,False
ITEM-001042,ORD-00251,PROD-0030,5,692.73,10.24,False
ITEM-001043,ORD-00285,PROD-0012,4,745.67,39.18,False
ITEM-001044,ORD-00213,PROD-0030,1,251.49,5.3,False
ITEM-001045,ORD-00053,PROD-0041,5,792.11,3.93,False
ITEM-001046,ORD-00203,PROD-0013,1,546.94,4.66,False
ITEM-001047,ORD-00115,PROD-0057,2,779.61,100.0,False
ITEM-001048,ORD-00001,PROD-0033,2,757.0,25.4,False
ITEM-001049,ORD-00495,PROD-0066,5,290.91,25.25,False
ITEM-001050,ORD-00575,PROD-0065,3,315.71,21.29,False
ITEM-001051,ORD-00007,PROD-0041,4,894.42,30.26,False
ITEM-001052,ORD-00443,PROD-0039,5,103.61,6.53,False
ITEM-001053,ORD-00199,PROD-0014,4,765.21,27.48,False
ITEM-001054,ORD-00484,PROD-0014,2,687.89,12.22,False
ITEM-001055,ORD-00197,PROD-0051,5,787.94,26.88,False
ITEM-001056,ORD-00486,PROD-0077,2,790.85,6.29,False
ITEM-001057,ORD-00311,PROD-0048,3,153.53,10.51,False
ITEM-001058,ORD-00316,PROD-0055,3,567.64,33.17,False
ITEM-001059,ORD-00419,PROD-0046,-4,649.32,37.6,True
ITEM-001060,ORD-00208,PROD-0027,2,665.42,30.68,False
ITEM-001061,ORD-00392,PROD-0042,3,562.48,14.94,False
ITEM-001062,ORD-00281,PROD-0014,2,83.67,24.7,False
ITEM-001063,ORD-00482,PROD-0006,2,783.41,19.19,False
ITEM-001064,ORD-00287,PROD-0078,4,590.24,36.36,False
ITEM-001065,ORD-00379,PROD-0057,1,924.36,25.59,False
ITEM-001066,ORD-00424,PROD-0020,1,875.2,35.23,False
ITEM-001067,ORD-00252,PROD-0042,5,577.0,8.0,False
ITEM-001068,ORD-00144,PROD-0009,3,872.01,32.69,False
ITEM-001069,ORD-00220,PROD-0024,3,328.04,14.45,False
ITEM-001070,ORD-00266,PROD-0033,2,607.57,13.32,False
ITEM-001071,ORD-00499,PROD-0007,1,833.35,25.69,False
ITEM-001072,ORD-00448,PROD-0005,1,960.18,20.49,False
ITEM-001073,ORD-00069,PROD-0010,3,569.64,19.68,False
ITEM-001074,ORD-00090,PROD-0074,5,923.26,21.27,False
ITEM-001075,ORD-00442,PROD-0036,5,471.05,7.64,False
ITEM-001076,ORD-00348,PROD-0059,2,532.43,2.92,False
ITEM-001077,ORD-00400,PROD-0003,4,18.44,16.06,False
ITEM-001078,ORD-00335,PROD-0069,3,463.17,10.35,False
ITEM-001079,ORD-00591,PROD-0020,2,196.95,22.98,False
ITEM-001080,ORD-00041,PROD-0017,2,544.67,7.26,False
ITEM-001081,ORD-00214,PROD-0026,1,309.89,12.61,False
ITEM-001082,ORD-00364,PROD-0004,4,145.93,9.32,False
ITEM-001083,ORD-00214,PROD-0049,4,58.71,37.92,False
ITEM-001084,ORD-00128,PROD-0012,4,969.54,8.23,False
ITEM-001085,ORD-00215,PROD-0016,5,941.28,28.98,False
ITEM-001086,ORD-00216,PROD-0012,5,801.78,39.81,False
ITEM-001087,ORD-00017,PROD-0001,3,386.22,20.35,False
ITEM-001088,ORD-00318,PROD-0009,4,439.8,34.3,False
ITEM-001089,ORD-00400,PROD-0061,3,25.68,28.05,False
ITEM-001090,ORD-00255,PROD-0023,3,568.92,35.89,False
ITEM-001091,ORD-00040,PROD-0008,2,600.23,5.61,False
ITEM-001092,ORD-00425,PROD-0021,2,425.04,26.44,False
ITEM-001093,ORD-00186,PROD-0047,2,880.28,38.61,False
ITEM-001094,ORD-00414,PROD-0048,1,909.88,1.2,False
ITEM-001095,ORD-00030,PROD-0061,3,43.87,1.14,False
ITEM-001096,ORD-00538,PROD-0022,2,166.58,1.86,False
ITEM-001097,ORD-00068,PROD-0015,1,969.03,8.91,False
ITEM-001098,ORD-00138,PROD-0078,4,811.32,34.25,False
ITEM-001099,ORD-00132,PROD-0042,1,659.8,18.78,False
ITEM-001100,ORD-00505,PROD-0074,3,204.31,26.74,False
ITEM-001101,ORD-00085,PROD-0013,2,720.09,32.22,False
ITEM-001102,ORD-00190,PROD-0039,3,335.33,4.21,False
ITEM-001103,ORD-00274,PROD-0017,4,334.65,20.8,False
ITEM-001104,ORD-00036,PROD-0050,3,635.55,23.17,False
ITEM-001105,ORD-00244,PROD-0021,2,402.79,0.57,False
ITEM-001106,ORD-00592,PROD-0052,1,457.57,19.35,False
ITEM-001107,ORD-00287,PROD-0066,2,924.64,10.51,False
ITEM-001108,ORD-00500,PROD-0071,3,461.74,7.45,False
ITEM-001109,ORD-00065,PROD-0047,1,432.24,13.7,False
ITEM-001110,ORD-00469,PROD-0015,1,129.06,5.05,False
ITEM-001111,ORD-00567,PROD-0011,3,966.62,13.9,False
ITEM-001112,ORD-00524,PROD-0025,5,150.28,32.8,False
ITEM-001113,ORD-00539,PROD-0077,2,782.13,7.95,False
ITEM-001114,ORD-00372,PROD-0070,5,238.11,21.0,False
ITEM-001115,ORD-00232,PROD-0020,5,545.4,6.35,False
ITEM-001116,ORD-00411,PROD-0038,5,395.86,8.09,False
ITEM-001117,ORD-00140,PROD-0039,5,10.34,35.75,False
ITEM-001118,ORD-00069,PROD-0008,3,757.61,26.72,False
ITEM-001119,ORD-00249,PROD-0051,2,788.44,32.9,False
ITEM-001120,ORD-00073,PROD-0029,4,963.71,7.73,False
ITEM-001121,ORD-00600,PROD-0020,3,213.76,16.06,False
ITEM-001122,ORD-00121,PROD-0067,2,318.04,30.42,False
ITEM-001123,ORD-00449,PROD-0039,1,824.01,23.94,False
ITEM-001124,ORD-00350,PROD-0035,5,949.98,18.17,False
ITEM-001125,ORD-00478,PROD-0055,1,589.12,35.64,False
ITEM-001126,ORD-00372,PROD-0031,4,870.66,8.99,False
ITEM-001127,ORD-00108,PROD-0036,4,843.89,38.53,False
ITEM-001128,ORD-00258,PROD-0046,3,92.25,25.61,False
ITEM-001129,ORD-00227,PROD-0076,1,439.42,19.42,False
ITEM-001130,ORD-00575,PROD-0078,3,839.03,31.24,False
ITEM-001131,ORD-00044,PROD-0078,4,116.71,34.82,False
ITEM-001132,ORD-00370,PROD-0075,1,675.87,4.7,False
ITEM-001133,ORD-00356,PROD-0057,5,853.7,15.75,False
ITEM-001134,ORD-00443,PROD-0004,5,223.87,1.49,False
ITEM-001135,ORD-00423,PROD-0004,-2,731.76,37.84,True
ITEM-001136,ORD-00255,PROD-0036,3,451.54,27.32,False
ITEM-001137,ORD-00165,PROD-0027,1,562.88,27.96,False
ITEM-001138,ORD-00177,PROD-0064,5,858.07,29.63,False
ITEM-001139,ORD-00234,PROD-0041,3,830.39,21.53,False
ITEM-001140,ORD-00510,PROD-0024,1,758.99,3.62,False
ITEM-001141,ORD-00449,PROD-0047,2,757.21,28.3,False
ITEM-001142,ORD-00519,PROD-0072,2,303.23,4.46,False
ITEM-001143,ORD-00204,PROD-0012,5,99.63,15.92,False
ITEM-001144,ORD-00150,PROD-0044,5,537.49,26.53,False
ITEM-001145,ORD-00301,PROD-0079,4,574.4,15.41,False
ITEM-001146,ORD-00252,PROD-0071,1,163.45,8.99,False
ITEM-001147,ORD-00225,PROD-0032,-3,876.37,8.98,True
ITEM-001148,ORD-00250,PROD-0003,4,858.95,8.64,False
ITEM-001149,ORD-00582,PROD-0025,4,418.19,16.58,False
ITEM-001150,ORD-00397,PROD-0034,5,709.67,25.09,False
ITEM-001151,ORD-00241,PROD-0041,3,544.96,10.54,False
ITEM-001152,ORD-00253,PROD-0069,1,583.16,5.38,False
ITEM-001153,ORD-00488,PROD-0069,1,320.34,31.37,False
ITEM-001154,ORD-00568,PROD-0029,5,470.62,13.93,False
ITEM-001155,ORD-00447,PROD-0009,5,953.62,18.41,False
ITEM-001156,ORD-00356,PROD-0062,-2,868.89,17.94,True
ITEM-001157,ORD-00283,PROD-0073,2,259.48,14.18,False
ITEM-001158,ORD-00137,PROD-0051,1,223.04,19.63,False
ITEM-001159,ORD-00239,PROD-0073,4,800.42,27.89,False
ITEM-001160,ORD-00323,PROD-0001,5,971.17,5.77,False
ITEM-001161,ORD-00073,PROD-0079,1,72.98,14.33,False
ITEM-001162,ORD-00184,PROD-0024,4,39.18,29.3,False
ITEM-001163,ORD-00414,PROD-0074,4,703.91,13.27,False
ITEM-001164,ORD-00352,PROD-0024,4,104.89,15.25,False
ITEM-001165,ORD-00093,PROD-0024,3,267.89,17.21,False
ITEM-001166,ORD-00348,PROD-0058,2,754.29,39.43,False
ITEM-001167,ORD-00571,PROD-0008,5,685.87,35.17,False
ITEM-001168,ORD-00005,PROD-0042,1,390.9,38.54,False
ITEM-001169,ORD-00072,PROD-0023,1,196.59,22.72,False
ITEM-001170,ORD-00100,PROD-0020,5,603.71,21.41,False
ITEM-001171,ORD-00182,PROD-0065,5,157.35,17.63,False
ITEM-001172,ORD-00124,PROD-0040,4,935.67,1.55,False
ITEM-001173,ORD-00103,PROD-0064,1,201.22,7.22,False
ITEM-001174,ORD-00562,PROD-0050,2,786.21,36.8,False
ITEM-001175,ORD-00145,PROD-0031,1,960.77,2.62,False
ITEM-001176,ORD-00492,PROD-0076,4,107.78,16.17,False
ITEM-001177,ORD-00577,PROD-0074,5,705.17,26.19,False
ITEM-001178,ORD-00329,PROD-0018,5,453.42,21.86,False
ITEM-001179,ORD-00387,PROD-0011,2,495.55,25.05,False
ITEM-001180,ORD-00314,PROD-0064,4,992.35,22.45,False
ITEM-001181,ORD-00043,PROD-0025,3,947.3,27.96,False
ITEM-001182,ORD-00178,PROD-0041,3,741.85,29.91,False
ITEM-001183,ORD-00361,PROD-0069,-5,61.9,38.67,True
ITEM-001184,ORD-00380,PROD-0006,4,911.55,20.96,False
ITEM-001185,ORD-00328,PROD-0010,1,716.88,7.43,False
ITEM-001186,ORD-00391,PROD-0027,4,901.31,25.62,False
ITEM-001187,ORD-00339,PROD-0023,1,987.2,0.19,False
ITEM-001188,ORD-00146,PROD-0077,2,253.7,33.51,False
ITEM-001189,ORD-00318,PROD-0027,3,940.86,16.91,False
ITEM-001190,ORD-00387,PROD-0036,3,844.2,0.41,False
ITEM-001191,ORD-00405,PROD-0006,2,699.03,19.53,False
ITEM-001192,ORD-00118,PROD-0015,4,167.32,27.58,False
ITEM-001193,ORD-00263,PROD-0051,4,291.95,21.48,False
ITEM-001194,ORD-00123,PROD-0051,3,824.64,22.8,False
ITEM-001195,ORD-00131,PROD-0067,2,995.59,22.19,False
ITEM-001196,ORD-00398,PROD-0024,4,92.76,4.46,False
ITEM-001197,ORD-00147,PROD-0057,1,601.02,24.61,False
ITEM-001198,ORD-00216,PROD-0041,1,53.31,20.14,False
ITEM-001199,ORD-00180,PROD-0045,1,467.41,13.65,False
ITEM-001200,ORD-00066,PROD-0029,1,192.11,6.12,False
ITEM-001201,ORD-00452,PROD-0009,2,844.98,28.85,False
ITEM-001202,ORD-00326,PROD-0008,5,120.24,22.27,False
ITEM-001203,ORD-00174,PROD-0042,1,376.66,21.37,False
ITEM-001204,ORD-00060,PROD-0050,2,771.0,100.0,False
ITEM-001205,ORD-00559,PROD-0010,1,29.59,30.49,False
ITEM-001206,ORD-00397,PROD-0058,4,911.13,25.79,False
ITEM-001207,ORD-00466,PROD-0062,2,920.22,24.5,False
ITEM-001208,ORD-00294,PROD-0023,2,963.4,35.18,False
ITEM-001209,ORD-00022,PROD-0056,4,807.39,35.28,False
ITEM-001210,ORD-00233,PROD-0052,2,133.76,16.41,False
ITEM-001211,ORD-00472,PROD-0058,3,449.44,16.23,False
ITEM-001212,ORD-00137,PROD-0068,4,213.85,13.51,False
ITEM-001213,ORD-00373,PROD-0060,2,552.71,22.74,False
ITEM-001214,ORD-00482,PROD-0014,4,547.39,12.28,False
ITEM-001215,ORD-00423,PROD-0007,4,207.41,33.32,False
ITEM-001216,ORD-00530,PROD-0056,3,188.5,6.27,False
ITEM-001217,ORD-00177,PROD-0035,-4,983.79,8.26,True
ITEM-001218,ORD-00203,PROD-0020,5,417.17,25.65,False
ITEM-001219,ORD-00499,PROD-0041,4,614.24,29.54,False
ITEM-001220,ORD-00100,PROD-0009,5,94.88,25.12,False
ITEM-001221,ORD-00093,PROD-0041,1,932.24,34.78,False
ITEM-001222,ORD-00068,PROD-0047,3,626.99,6.02,False
ITEM-001223,ORD-00180,PROD-0038,3,310.2,33.13,False
ITEM-001224,ORD-00122,PROD-0069,5,911.12,35.22,False
ITEM-001225,ORD-00288,PROD-0032,4,976.35,22.09,False
ITEM-001226,ORD-00391,PROD-0061,2,385.57,3.88,False
ITEM-001227,ORD-00372,PROD-0057,2,589.03,23.45,False
ITEM-001228,ORD-00581,PROD-0045,2,886.74,0.79,False
ITEM-001229,ORD-00308,PROD-0051,1,917.59,2.76,False
ITEM-001230,ORD-00329,PROD-0038,1,714.28,31.64,False
ITEM-001231,ORD-00428,PROD-0022,1,371.55,39.34,False
ITEM-001232,ORD-00025,PROD-0063,3,325.37,11.21,False
ITEM-001233,ORD-00460,PROD-0056,2,344.13,9.55,False
ITEM-001234,ORD-00083,PROD-0043,3,555.75,30.39,False
ITEM-001235,ORD-00588,PROD-0003,2,309.67,37.06,False
ITEM-001236,ORD-00277,PROD-0049,2,342.27,15.2,False
ITEM-001237,ORD-00351,PROD-0017,5,943.47,31.36,False
ITEM-001238,ORD-00461,PROD-0011,3,807.41,19.55,False
ITEM-001239,ORD-00132,PROD-0014,3,250.52,35.83,False
ITEM-001240,ORD-00090,PROD-0010,2,19.54,6.16,False
ITEM-001241,ORD-00073,PROD-0020,1,586.92,13.65,False
ITEM-001242,ORD-00125,PROD-0008,4,707.1,13.24,False
ITEM-001243,ORD-00094,PROD-0001,2,438.63,37.06,False
ITEM-001244,ORD-00543,PROD-0025,2,481.27,28.68,False
ITEM-001245,ORD-00481,PROD-0037,2,734.24,19.81,False
ITEM-001246,ORD-00007,PROD-0011,5,184.08,2.45,False
ITEM-001247,ORD-00194,PROD-0016,2,705.83,35.13,False
ITEM-001248,ORD-00234,PROD-0021,1,400.71,33.94,False
ITEM-001249,ORD-00224,PROD-0055,5,258.43,16.49,False
ITEM-001250,ORD-00258,PROD-0037,3,756.74,21.22,False
ITEM-001251,ORD-00062,PROD-0080,1,758.08,19.76,False
ITEM-001252,ORD-00013,PROD-0012,4,325.2,30.58,False
ITEM-001253,ORD-00583,PROD-0034,3,729.87,24.22,False
ITEM-001254,ORD-00512,PROD-0039,3,765.77,29.69,False
ITEM-001255,ORD-00175,PROD-0006,3,693.95,29.8,False
ITEM-001256,ORD-00413,PROD-0060,4,869.99,18.47,False
ITEM-001257,ORD-00430,PROD-0004,4,874.62,5.68,False
ITEM-001258,ORD-00375,PROD-0002,3,440.03,34.81,False
ITEM-001259,ORD-00017,PROD-0051,2,477.56,37.84,False
ITEM-001260,ORD-00311,PROD-0071,3,284.88,0.87,False
ITEM-001261,ORD-00164,PROD-0063,2,969.4,28.95,False
ITEM-001262,ORD-00489,PROD-0078,1,296.42,4.24,False
ITEM-001263,ORD-00503,PROD-0002,2,957.28,19.77,False
ITEM-001264,ORD-00125,PROD-0077,2,138.12,12.42,False
ITEM-001265,ORD-00132,PROD-0048,3,569.66,14.93,False
ITEM-001266,ORD-00215,PROD-0042,4,691.39,17.88,False
ITEM-001267,ORD-00288,PROD-0072,3,347.34,36.07,False
ITEM-001268,ORD-00587,PROD-0030,3,711.01,36.07,False
ITEM-001269,ORD-00482,PROD-0003,5,320.32,32.79,False
ITEM-001270,ORD-00542,PROD-0063,1,468.05,5.93,False
ITEM-001271,ORD-00283,PROD-0019,3,370.13,15.58,False
ITEM-001272,ORD-00495,PROD-0072,1,154.65,100.0,False
ITEM-001273,ORD-00550,PROD-0026,3,825.89,19.39,False
ITEM-001274,ORD-00063,PROD-0025,2,528.26,23.9,False
ITEM-001275,ORD-00012,PROD-0039,5,268.37,31.63,False
ITEM-001276,ORD-00432,PROD-0011,2,374.94,1.15,False
ITEM-001277,ORD-00455,PROD-0041,2,116.66,15.28,False
ITEM-001278,ORD-00292,PROD-0021,3,590.61,7.91,False
ITEM-001279,ORD-00566,PROD-0062,3,375.12,4.96,False
ITEM-001280,ORD-00445,PROD-0042,3,401.57,15.0,False
ITEM-001281,ORD-00332,PROD-0073,3,758.92,30.42,False
ITEM-001282,ORD-00136,PROD-0064,1,73.23,2.23,False
ITEM-001283,ORD-00241,PROD-0012,1,757.1,4.09,False
ITEM-001284,ORD-00505,PROD-0052,3,549.65,16.51,False
ITEM-001285,ORD-00562,PROD-0012,5,816.21,31.59,False
ITEM-001286,ORD-00233,PROD-0031,4,65.94,30.51,False
ITEM-001287,ORD-00491,PROD-0006,-5,51.74,25.72,True
ITEM-001288,ORD-00328,PROD-0042,2,393.64,38.18,False
ITEM-001289,ORD-00425,PROD-0071,-4,77.27,30.62,True
ITEM-001290,ORD-00008,PROD-0045,2,704.8,8.35,False
ITEM-001291,ORD-00407,PROD-0028,5,160.72,20.37,False
ITEM-001292,ORD-00570,PROD-0048,1,515.76,29.77,False
ITEM-001293,ORD-00201,PROD-0042,2,898.94,30.17,False
ITEM-001294,ORD-00525,PROD-0052,4,212.53,11.42,False
ITEM-001295,ORD-00211,PROD-0026,1,762.15,32.19,False
ITEM-001296,ORD-00311,PROD-0047,3,469.13,26.97,False
ITEM-001297,ORD-00524,PROD-0004,2,316.79,35.38,False
ITEM-001298,ORD-00398,PROD-0042,2,463.3,34.41,False
ITEM-001299,ORD-00575,PROD-0077,4,292.48,6.61,False
ITEM-001300,ORD-00052,PROD-0002,2,947.31,100.0,False
ITEM-001301,ORD-00164,PROD-0013,1,62.99,15.26,False
ITEM-001302,ORD-00382,PROD-0010,2,287.17,38.84,False
ITEM-001303,ORD-00146,PROD-0034,1,462.35,1.4,False
ITEM-001304,ORD-00032,PROD-0061,2,182.83,25.47,False
ITEM-001305,ORD-00594,PROD-0072,1,280.39,9.39,False
ITEM-001306,ORD-00157,PROD-0028,1,74.5,19.19,False
ITEM-001307,ORD-00423,PROD-0023,-4,973.17,19.9,True
ITEM-001308,ORD-00288,PROD-0037,5,721.67,26.26,False
ITEM-001309,ORD-00193,PROD-0031,2,692.77,0.98,False
ITEM-001310,ORD-00446,PROD-0072,1,952.61,1.76,False
ITEM-001311,ORD-00294,PROD-0047,4,97.52,28.62,False
ITEM-001312,ORD-00381,PROD-0071,3,545.35,18.9,False
ITEM-001313,ORD-00412,PROD-0048,3,472.8,13.87,False
ITEM-001314,ORD-00507,PROD-0070,3,413.74,5.91,False
ITEM-001315,ORD-00368,PROD-0060,4,456.25,10.13,False
ITEM-001316,ORD-00519,PROD-0019,5,602.79,6.57,False
ITEM-001317,ORD-00588,PROD-0018,5,977.45,29.79,False
ITEM-001318,ORD-00115,PROD-0065,2,548.55,15.85,False
ITEM-001319,ORD-00169,PROD-0030,5,687.16,0.16,False
ITEM-001320,ORD-00383,PROD-0071,3,937.55,13.02,False
ITEM-001321,ORD-00418,PROD-0014,5,233.55,15.71,False
ITEM-001322,ORD-00001,PROD-0065,4,801.93,27.76,False
ITEM-001323,ORD-00248,PROD-0052,4,309.82,2.89,False
ITEM-001324,ORD-00025,PROD-0003,2,40.78,3.86,False
ITEM-001325,ORD-00069,PROD-0033,1,458.06,33.11,False
ITEM-001326,ORD-00308,PROD-0044,1,393.86,14.3,False
ITEM-001327,ORD-00043,PROD-0063,2,977.23,24.77,False
ITEM-001328,ORD-00393,PROD-0069,4,772.08,1.24,False
ITEM-001329,ORD-00503,PROD-0004,4,386.16,24.81,False
ITEM-001330,ORD-00095,PROD-0011,4,252.93,3.47,False
ITEM-001331,ORD-00481,PROD-0005,1,329.63,29.96,False
ITEM-001332,ORD-00421,PROD-0013,5,20.18,34.19,False
ITEM-001333,ORD-00519,PROD-0057,2,78.4,27.01,False
ITEM-001334,ORD-00549,PROD-0007,2,260.66,27.89,False
ITEM-001335,ORD-00301,PROD-0021,1,49.41,19.64,False
ITEM-001336,ORD-00079,PROD-0026,5,487.31,4.39,False
ITEM-001337,ORD-00181,PROD-0049,-2,53.43,31.03,True
ITEM-001338,ORD-00506,PROD-0030,2,716.68,34.62,False
ITEM-001339,ORD-00577,PROD-0004,1,443.71,5.57,False
ITEM-001340,ORD-00378,PROD-0070,3,115.25,17.2,False
ITEM-001341,ORD-00069,PROD-0009,4,96.36,17.45,False
ITEM-001342,ORD-00141,PROD-0016,3,33.86,20.28,False
ITEM-001343,ORD-00560,PROD-0048,1,561.78,26.59,False
ITEM-001344,ORD-00424,PROD-0015,4,564.06,31.6,False
ITEM-001345,ORD-00401,PROD-0002,2,378.13,12.01,False
ITEM-001346,ORD-00600,PROD-0068,5,18.76,4.51,False
ITEM-001347,ORD-00219,PROD-0025,2,667.39,9.75,False
ITEM-001348,ORD-00555,PROD-0010,4,154.64,3.96,False
ITEM-001349,ORD-00490,PROD-0066,2,989.96,5.82,False
ITEM-001350,ORD-00371,PROD-0029,1,829.69,9.88,False
ITEM-001351,ORD-00405,PROD-0004,4,200.67,17.27,False
ITEM-001352,ORD-00131,PROD-0062,3,618.74,24.26,False
ITEM-001353,ORD-00162,PROD-0031,5,602.98,25.84,False
ITEM-001354,ORD-00428,PROD-0009,3,566.06,3.0,False
ITEM-001355,ORD-00288,PROD-0060,2,653.66,1.6,False
ITEM-001356,ORD-00316,PROD-0061,3,516.32,21.41,False
ITEM-001357,ORD-00574,PROD-0078,4,603.34,33.58,False
ITEM-001358,ORD-00351,PROD-0069,5,521.82,13.48,False
ITEM-001359,ORD-00296,PROD-0077,1,518.37,10.73,False
ITEM-001360,ORD-00196,PROD-0045,3,972.61,12.97,False
ITEM-001361,ORD-00271,PROD-0077,2,429.6,20.71,False
ITEM-001362,ORD-00303,PROD-0025,2,690.22,35.62,False
ITEM-001363,ORD-00474,PROD-0075,3,524.9,22.12,False
ITEM-001364,ORD-00211,PROD-0077,1,792.04,35.05,False
ITEM-001365,ORD-00252,PROD-0051,3,489.49,25.9,False
ITEM-001366,ORD-00261,PROD-0078,3,81.32,18.36,False
ITEM-001367,ORD-00004,PROD-0009,1,197.03,32.52,False
ITEM-001368,ORD-00598,PROD-0036,3,516.0,18.19,False
ITEM-001369,ORD-00502,PROD-0077,4,116.99,2.04,False
ITEM-001370,ORD-00371,PROD-0007,4,50.61,4.78,False
ITEM-001371,ORD-00099,PROD-0055,1,212.83,21.94,False
ITEM-001372,ORD-00284,PROD-0037,5,435.49,4.46,False
ITEM-001373,ORD-00566,PROD-0046,2,842.35,24.15,False
ITEM-001374,ORD-00176,PROD-0050,-2,211.1,23.36,True
ITEM-001375,ORD-00277,PROD-0063,-5,133.31,6.42,True
ITEM-001376,ORD-00170,PROD-0023,2,918.44,8.84,False
ITEM-001377,ORD-00594,PROD-0077,3,851.08,9.55,False
ITEM-001378,ORD-00455,PROD-0057,4,158.87,4.01,False
ITEM-001379,ORD-00279,PROD-0027,4,882.98,30.03,False
ITEM-001380,ORD-00022,PROD-0064,4,512.47,35.01,False
ITEM-001381,ORD-00080,PROD-0077,4,838.56,24.26,False
ITEM-001382,ORD-00362,PROD-0052,4,281.39,16.16,False
ITEM-001383,ORD-00025,PROD-0073,3,251.62,15.18,False
ITEM-001384,ORD-00354,PROD-0047,1,387.15,32.0,False
ITEM-001385,ORD-00448,PROD-0033,4,354.74,17.81,False
ITEM-001386,ORD-00173,PROD-0029,3,855.1,39.88,False
ITEM-001387,ORD-00391,PROD-0047,5,57.49,32.41,False
ITEM-001388,ORD-00567,PROD-0007,2,257.88,36.63,False
ITEM-001389,ORD-00447,PROD-0036,5,872.29,18.12,False
ITEM-001390,ORD-00238,PROD-0012,2,624.73,12.46,False
ITEM-001391,ORD-00181,PROD-0037,5,552.45,31.37,False
ITEM-001392,ORD-00201,PROD-0078,4,715.39,9.45,False
ITEM-001393,ORD-00547,PROD-0016,1,781.26,10.76,False
ITEM-001394,ORD-00192,PROD-0032,5,789.03,28.93,False
ITEM-001395,ORD-00022,PROD-0065,3,509.45,30.65,False
ITEM-001396,ORD-00136,PROD-0031,1,863.06,6.68,False
ITEM-001397,ORD-00180,PROD-0015,3,716.29,11.17,False
ITEM-001398,ORD-00387,PROD-0018,2,10.56,30.18,False
ITEM-001399,ORD-00564,PROD-0070,4,728.96,19.6,False
ITEM-001400,ORD-00592,PROD-0052,5,754.1,25.89,False
ITEM-001401,ORD-00130,PROD-0005,5,214.81,6.68,False
ITEM-001402,ORD-00423,PROD-0049,5,382.17,33.68,False
ITEM-001403,ORD-00221,PROD-0056,-3,777.31,19.49,True
ITEM-001404,ORD-00144,PROD-0039,2,402.39,23.62,False
ITEM-001405,ORD-00499,PROD-0052,-2,471.68,9.08,True
ITEM-001406,ORD-00053,PROD-0032,4,948.24,8.19,False
ITEM-001407,ORD-00396,PROD-0056,1,87.33,2.12,False
ITEM-001408,ORD-00491,PROD-0009,3,358.95,20.5,False
ITEM-001409,ORD-00104,PROD-0019,2,746.88,20.27,False
ITEM-001410,ORD-00534,PROD-0048,5,33.89,0.99,False
ITEM-001411,ORD-00335,PROD-0037,4,374.28,24.52,False
ITEM-001412,ORD-00444,PROD-0066,5,45.78,35.34,False
ITEM-001413,ORD-00158,PROD-0049,5,336.84,22.65,False
ITEM-001414,ORD-00202,PROD-0012,4,620.7,25.41,False
ITEM-001415,ORD-00137,PROD-0025,3,424.18,1.68,False
ITEM-001416,ORD-00561,PROD-0073,2,262.59,33.04,False
ITEM-001417,ORD-00272,PROD-0062,-2,789.13,2.65,True
ITEM-001418,ORD-00506,PROD-0015,2,89.16,39.25,False
ITEM-001419,ORD-00382,PROD-0061,4,956.1,13.71,False
ITEM-001420,ORD-00339,PROD-0042,3,531.43,21.92,False
ITEM-001421,ORD-00252,PROD-0029,5,816.77,11.16,False
ITEM-001422,ORD-00511,PROD-0052,4,60.76,13.13,False
ITEM-001423,ORD-00152,PROD-0072,5,231.38,34.53,False
ITEM-001424,ORD-00101,PROD-0070,2,510.78,9.95,False
ITEM-001425,ORD-00084,PROD-0032,4,170.81,16.77,False
ITEM-001426,ORD-00059,PROD-0056,4,411.86,26.52,False
ITEM-001427,ORD-00380,PROD-0016,4,314.92,18.93,False
ITEM-001428,ORD-00220,PROD-0052,4,435.79,19.67,False
ITEM-001429,ORD-00164,PROD-0077,2,333.86,24.42,False
ITEM-001430,ORD-00009,PROD-0020,4,544.96,4.03,False
ITEM-001431,ORD-00156,PROD-0007,4,12.06,37.37,False
ITEM-001432,ORD-00366,PROD-0074,2,96.63,11.66,False
ITEM-001433,ORD-00597,PROD-0011,2,988.29,13.21,False
ITEM-001434,ORD-00401,PROD-0063,-5,116.45,36.9,True
ITEM-001435,ORD-00292,PROD-0018,5,74.28,33.47,False
ITEM-001436,ORD-00528,PROD-0013,5,501.44,6.3,False
ITEM-001437,ORD-00167,PROD-0061,2,812.16,1.28,False
ITEM-001438,ORD-00411,PROD-0054,3,808.89,12.26,False
ITEM-001439,ORD-00216,PROD-0031,2,466.66,33.88,False
ITEM-001440,ORD-00152,PROD-0014,2,998.23,2.35,False
ITEM-001441,ORD-00328,PROD-0075,2,246.85,2.94,False
ITEM-001442,ORD-00566,PROD-0076,4,309.51,4.9,False
ITEM-001443,ORD-00401,PROD-0025,2,351.62,26.25,False
ITEM-001444,ORD-00192,PROD-0064,1,468.86,34.12,False
ITEM-001445,ORD-00335,PROD-0055,4,661.81,34.5,False
ITEM-001446,ORD-00169,PROD-0033,5,421.63,7.36,False
ITEM-001447,ORD-00144,PROD-0031,4,517.65,13.38,False
ITEM-001448,ORD-00428,PROD-0005,4,773.14,36.29,False
ITEM-001449,ORD-00003,PROD-0014,3,487.96,32.01,False
ITEM-001450,ORD-00518,PROD-0036,5,535.55,5.91,False
ITEM-001451,ORD-00446,PROD-0006,5,460.39,24.5,False
ITEM-001452,ORD-00046,PROD-0037,5,339.27,21.55,False
ITEM-001453,ORD-00428,PROD-0060,4,914.95,38.6,False
ITEM-001454,ORD-00229,PROD-0058,5,272.04,36.92,False
ITEM-001455,ORD-00405,PROD-0034,1,14.23,26.74,False
ITEM-001456,ORD-00407,PROD-0001,2,435.7,38.08,False
ITEM-001457,ORD-00560,PROD-0054,1,26.17,10.95,False
ITEM-001458,ORD-00595,PROD-0028,3,538.74,26.53,False
ITEM-001459,ORD-00399,PROD-0072,5,728.45,4.63,False
ITEM-001460,ORD-00082,PROD-0043,2,650.36,8.01,False
ITEM-001461,ORD-00265,PROD-0022,-4,660.87,5.2,True
ITEM-001462,ORD-00168,PROD-0047,3,106.62,36.24,False
ITEM-001463,ORD-00071,PROD-0010,3,982.98,21.69,False
ITEM-001464,ORD-00277,PROD-0023,1,122.23,0.13,False
ITEM-001465,ORD-00548,PROD-0060,4,515.66,20.02,False
ITEM-001466,ORD-00095,PROD-0046,4,184.62,11.13,False
ITEM-001467,ORD-00089,PROD-0009,2,170.66,10.01,False
ITEM-001468,ORD-00491,PROD-0045,3,39.48,32.61,False
ITEM-001469,ORD-00413,PROD-0028,4,175.84,17.3,False
ITEM-001470,ORD-00069,PROD-0030,5,836.16,30.94,False
ITEM-001471,ORD-00378,PROD-0026,4,900.96,18.31,False
ITEM-001472,ORD-00382,PROD-0044,1,421.37,0.15,False
ITEM-001473,ORD-00099,PROD-0077,1,525.3,34.48,False
ITEM-001474,ORD-00565,PROD-0044,1,128.55,18.94,False
ITEM-001475,ORD-00550,PROD-0055,1,300.51,25.52,False
ITEM-001476,ORD-00141,PROD-0034,1,817.53,12.01,False
ITEM-001477,ORD-00544,PROD-0047,2,84.35,33.99,False
ITEM-001478,ORD-00292,PROD-0042,3,192.92,16.27,False
ITEM-001479,ORD-00103,PROD-0047,1,122.23,37.26,False
ITEM-001480,ORD-00591,PROD-0028,3,586.4,12.73,False
ITEM-001481,ORD-00564,PROD-0070,1,913.83,11.06,False
ITEM-001482,ORD-00560,PROD-0039,1,907.25,21.96,False
ITEM-001483,ORD-00320,PROD-0054,3,102.03,16.15,False
ITEM-001484,ORD-00005,PROD-0014,3,892.48,2.08,False
ITEM-001485,ORD-00271,PROD-0021,1,594.94,14.45,False
ITEM-001486,ORD-00190,PROD-0073,5,703.68,9.9,False
ITEM-001487,ORD-00130,PROD-0022,1,740.47,0.67,False
ITEM-001488,ORD-00280,PROD-0074,5,796.7,16.32,False
ITEM-001489,ORD-00398,PROD-0025,2,826.77,9.52,False
ITEM-001490,ORD-00593,PROD-0037,3,276.66,16.18,False
ITEM-001491,ORD-00510,PROD-0001,5,978.03,4.99,False
ITEM-001492,ORD-00591,PROD-0024,4,816.29,29.87,False
ITEM-001493,ORD-00042,PROD-0030,5,998.15,26.84,False
ITEM-001494,ORD-00224,PROD-0036,1,959.8,27.36,False
ITEM-001495,ORD-00015,PROD-0053,-5,115.87,8.41,True
ITEM-001496,ORD-00127,PROD-0048,2,331.85,5.88,False
ITEM-001497,ORD-00207,PROD-0019,4,214.7,20.75,False
ITEM-001498,ORD-00249,PROD-0063,3,494.01,26.63,False
ITEM-001499,ORD-00163,PROD-0008,3,783.57,10.08,False
ITEM-001500,ORD-00114,PROD-0037,1,149.28,20.97,False
